[     638ms] [LOG] [Wed, 27 May 2026 16:55:23 GMT] : @azure/msal-browser@2.37.1 : Verbose - BrowserCrypto: modern crypto interface available @ https://myapps.microsoft.com/bundle/main.765b8a0d.js:1
[     638ms] [LOG] [Wed, 27 May 2026 16:55:23 GMT] : @azure/msal-browser@2.37.1 : Verbose - BrowserCrypto: modern crypto interface available @ https://myapps.microsoft.com/bundle/main.765b8a0d.js:1
[     638ms] [LOG] [Wed, 27 May 2026 16:55:23 GMT] : @azure/msal-browser@2.37.1 : Verbose - PerformanceTelemetryReporter: Configured sampling rate = undefined  @ https://myapps.microsoft.com/bundle/main.765b8a0d.js:1
[     638ms] [LOG] [Wed, 27 May 2026 16:55:23 GMT] : @azure/msal-browser@2.37.1 : Verbose - PerformanceTelemetryReporter: DEFAULT sampling rate = 0.1 @ https://myapps.microsoft.com/bundle/main.765b8a0d.js:1
[     638ms] [LOG] [Wed, 27 May 2026 16:55:23 GMT] : @azure/msal-browser@2.37.1 : Verbose - PerformanceTelemetryReporter: Sampled for 1p telemetry: false @ https://myapps.microsoft.com/bundle/main.765b8a0d.js:1
[     638ms] [LOG] [Wed, 27 May 2026 16:55:23 GMT] : @azure/msal-browser@2.37.1 : Verbose - PerformanceTelemetryReporter: Events to be tracked include : acquireTokenSilent,ssoSilent,acquireTokenByCode @ https://myapps.microsoft.com/bundle/main.765b8a0d.js:1
[     638ms] [LOG] [Wed, 27 May 2026 16:55:23 GMT] : @azure/msal-browser@2.37.1 : Verbose - PerformanceTelemetryReporter: Events passed in the PerformanceTelemetryConfiguration are: undefined @ https://myapps.microsoft.com/bundle/main.765b8a0d.js:1
[     641ms] [LOG] [Wed, 27 May 2026 16:55:23 GMT] : @azure/msal-browser@2.37.1 : Verbose - PerformanceTelemetryReporter: Initialized @ https://myapps.microsoft.com/bundle/main.765b8a0d.js:1
[     641ms] [LOG] [Wed, 27 May 2026 16:55:23 GMT] : @azure/msal-browser@2.37.1 : Verbose -  PerformanceTelemetryReporter: Returning callback as telemetry emitted. @ https://myapps.microsoft.com/bundle/main.765b8a0d.js:1
[     641ms] [LOG] [Wed, 27 May 2026 16:55:23 GMT] : @azure/msal-browser@2.37.1 : Verbose - PerformanceClient: Performance callback registered with id: 1c0b8777-b8b2-4ec9-bed3-9069bc2a7ef4 @ https://myapps.microsoft.com/bundle/main.765b8a0d.js:1
[     641ms] [LOG] [Wed, 27 May 2026 16:55:23 GMT] : @azure/msal-browser@2.37.1 : Verbose - Event callback registered with id: 72b45adb-6273-46d8-8fde-3f5e137ad8e8 @ https://myapps.microsoft.com/bundle/main.765b8a0d.js:1
[     644ms] [WARNING] Two extensions have same priority #3 - SystemPropertiesCollector, SystemPropertiesCollector @ https://myapps.microsoft.com/bundle/microsoft.637176df.js:0
[     663ms] [LOG] [Wed, 27 May 2026 16:55:23 GMT] : @azure/msal-browser@2.37.1 : Verbose - getAllAccounts called @ https://myapps.microsoft.com/bundle/main.765b8a0d.js:1
[     663ms] [LOG] [Wed, 27 May 2026 16:55:23 GMT] : @azure/msal-browser@2.37.1 : Verbose - BrowserCacheManager.getAccountKeys - No account keys found @ https://myapps.microsoft.com/bundle/main.765b8a0d.js:1
[     664ms] [LOG] [Wed, 27 May 2026 16:55:23 GMT] : @azure/msal-browser@2.37.1 : Info - @iamexperiences/feature-auth, message: rendering AuthenticatedTemplate @ https://myapps.microsoft.com/bundle/main.765b8a0d.js:1
[     664ms] [LOG] [Wed, 27 May 2026 16:55:23 GMT] : @azure/msal-browser@2.37.1 : Info - @iamexperiences/feature-auth, message: rendering useAuthLoginViaHints @ https://myapps.microsoft.com/bundle/main.765b8a0d.js:1
[     667ms] [LOG] [Wed, 27 May 2026 16:55:23 GMT] : @azure/msal-browser@2.37.1 : Verbose - Event callback registered with id: 3bda81cb-4231-471f-be2c-d6f60238e574 @ https://myapps.microsoft.com/bundle/main.765b8a0d.js:1
[     667ms] [LOG] [Wed, 27 May 2026 16:55:23 GMT] : @azure/msal-react@1.5.8 : Verbose - MsalProvider - Registered event callback with id: 3bda81cb-4231-471f-be2c-d6f60238e574 @ https://myapps.microsoft.com/bundle/main.765b8a0d.js:1
[     667ms] [LOG] [Wed, 27 May 2026 16:55:23 GMT] : [4c5a42d6-887c-4ca9-88a8-2da5f9deeaa2] : @azure/msal-browser@2.37.1 : Info - PerformanceClient: No correlation id provided for initializeClientApplication, generating @ https://myapps.microsoft.com/bundle/main.765b8a0d.js:1
[     667ms] [LOG] [Wed, 27 May 2026 16:55:23 GMT] : @azure/msal-browser@2.37.1 : Info - Emitting event: msal:initializeStart @ https://myapps.microsoft.com/bundle/main.765b8a0d.js:1
[     668ms] [LOG] [Wed, 27 May 2026 16:55:23 GMT] : @azure/msal-browser@2.37.1 : Verbose - Emitting event to callback 72b45adb-6273-46d8-8fde-3f5e137ad8e8: msal:initializeStart @ https://myapps.microsoft.com/bundle/main.765b8a0d.js:1
[     668ms] [LOG] [Wed, 27 May 2026 16:55:23 GMT] : @azure/msal-browser@2.37.1 : Verbose - Emitting event to callback 3bda81cb-4231-471f-be2c-d6f60238e574: msal:initializeStart @ https://myapps.microsoft.com/bundle/main.765b8a0d.js:1
[     668ms] [LOG] [Wed, 27 May 2026 16:55:23 GMT] : @azure/msal-browser@2.37.1 : Verbose - getAllAccounts called @ https://myapps.microsoft.com/bundle/main.765b8a0d.js:1
[     668ms] [LOG] [Wed, 27 May 2026 16:55:23 GMT] : @azure/msal-browser@2.37.1 : Verbose - BrowserCacheManager.getAccountKeys - No account keys found @ https://myapps.microsoft.com/bundle/main.765b8a0d.js:1
[     668ms] [LOG] [Wed, 27 May 2026 16:55:23 GMT] : @azure/msal-browser@2.37.1 : Info - Emitting event: msal:initializeEnd @ https://myapps.microsoft.com/bundle/main.765b8a0d.js:1
[     668ms] [LOG] [Wed, 27 May 2026 16:55:23 GMT] : @azure/msal-browser@2.37.1 : Verbose - Emitting event to callback 72b45adb-6273-46d8-8fde-3f5e137ad8e8: msal:initializeEnd @ https://myapps.microsoft.com/bundle/main.765b8a0d.js:1
[     668ms] [LOG] [Wed, 27 May 2026 16:55:23 GMT] : @azure/msal-browser@2.37.1 : Verbose - Emitting event to callback 3bda81cb-4231-471f-be2c-d6f60238e574: msal:initializeEnd @ https://myapps.microsoft.com/bundle/main.765b8a0d.js:1
[     668ms] [LOG] [Wed, 27 May 2026 16:55:23 GMT] : @azure/msal-browser@2.37.1 : Verbose - getAllAccounts called @ https://myapps.microsoft.com/bundle/main.765b8a0d.js:1
[     668ms] [LOG] [Wed, 27 May 2026 16:55:23 GMT] : @azure/msal-browser@2.37.1 : Verbose - BrowserCacheManager.getAccountKeys - No account keys found @ https://myapps.microsoft.com/bundle/main.765b8a0d.js:1
[     668ms] [LOG] [Wed, 27 May 2026 16:55:23 GMT] : [4c5a42d6-887c-4ca9-88a8-2da5f9deeaa2] : @azure/msal-browser@2.37.1 : Verbose - PerformanceClient: Emitting performance events @ https://myapps.microsoft.com/bundle/main.765b8a0d.js:1
[     668ms] [LOG] [Wed, 27 May 2026 16:55:23 GMT] : [4c5a42d6-887c-4ca9-88a8-2da5f9deeaa2] : @azure/msal-browser@2.37.1 : Verbose - PerformanceTelemetryReporter: Skipping telemetry for initializeClientApplication @ https://myapps.microsoft.com/bundle/main.765b8a0d.js:1
[     669ms] [LOG] [Wed, 27 May 2026 16:55:23 GMT] : @azure/msal-browser@2.37.1 : Verbose - handleRedirectPromise called @ https://myapps.microsoft.com/bundle/main.765b8a0d.js:1
[     669ms] [LOG] [Wed, 27 May 2026 16:55:23 GMT] : @azure/msal-browser@2.37.1 : Verbose - getAllAccounts called @ https://myapps.microsoft.com/bundle/main.765b8a0d.js:1
[     669ms] [LOG] [Wed, 27 May 2026 16:55:23 GMT] : @azure/msal-browser@2.37.1 : Verbose - BrowserCacheManager.getAccountKeys - No account keys found @ https://myapps.microsoft.com/bundle/main.765b8a0d.js:1
[     669ms] [LOG] [Wed, 27 May 2026 16:55:23 GMT] : @azure/msal-browser@2.37.1 : Info - Emitting event: msal:handleRedirectStart @ https://myapps.microsoft.com/bundle/main.765b8a0d.js:1
[     669ms] [LOG] [Wed, 27 May 2026 16:55:23 GMT] : @azure/msal-browser@2.37.1 : Verbose - Emitting event to callback 72b45adb-6273-46d8-8fde-3f5e137ad8e8: msal:handleRedirectStart @ https://myapps.microsoft.com/bundle/main.765b8a0d.js:1
[     669ms] [LOG] [Wed, 27 May 2026 16:55:23 GMT] : @azure/msal-browser@2.37.1 : Verbose - Emitting event to callback 3bda81cb-4231-471f-be2c-d6f60238e574: msal:handleRedirectStart @ https://myapps.microsoft.com/bundle/main.765b8a0d.js:1
[     669ms] [LOG] [Wed, 27 May 2026 16:55:23 GMT] : @azure/msal-react@1.5.8 : Info - MsalProvider - msal:handleRedirectStart results in setting inProgress from startup to handleRedirect @ https://myapps.microsoft.com/bundle/main.765b8a0d.js:1
[     669ms] [LOG] [Wed, 27 May 2026 16:55:23 GMT] : @azure/msal-browser@2.37.1 : Verbose - getAllAccounts called @ https://myapps.microsoft.com/bundle/main.765b8a0d.js:1
[     669ms] [LOG] [Wed, 27 May 2026 16:55:23 GMT] : @azure/msal-browser@2.37.1 : Verbose - BrowserCacheManager.getAccountKeys - No account keys found @ https://myapps.microsoft.com/bundle/main.765b8a0d.js:1
[     670ms] [LOG] [Wed, 27 May 2026 16:55:23 GMT] : @azure/msal-browser@2.37.1 : Info - @iamexperiences/feature-auth, message: rendering AuthenticatedTemplate @ https://myapps.microsoft.com/bundle/main.765b8a0d.js:1
[     670ms] [LOG] [Wed, 27 May 2026 16:55:23 GMT] : @azure/msal-browser@2.37.1 : Info - @iamexperiences/feature-auth, message: rendering useAuthLoginViaHints @ https://myapps.microsoft.com/bundle/main.765b8a0d.js:1
[     670ms] [LOG] [Wed, 27 May 2026 16:55:23 GMT] : @azure/msal-browser@2.37.1 : Verbose - handleRedirectPromise has been called for the first time, storing the promise @ https://myapps.microsoft.com/bundle/main.765b8a0d.js:1
[     670ms] [LOG] [Wed, 27 May 2026 16:55:23 GMT] : [0be9af0c-b52b-4930-901e-378962b630c8] : msal.js.browser@2.37.1 : Verbose - initializeServerTelemetryManager called @ https://myapps.microsoft.com/bundle/main.765b8a0d.js:1
[     670ms] [LOG] [Wed, 27 May 2026 16:55:23 GMT] : [0be9af0c-b52b-4930-901e-378962b630c8] : msal.js.browser@2.37.1 : Info - handleRedirectPromise called but there is no interaction in progress, returning null. @ https://myapps.microsoft.com/bundle/main.765b8a0d.js:1
[     671ms] [LOG] [Wed, 27 May 2026 16:55:23 GMT] : @azure/msal-browser@2.37.1 : Info - Emitting event: msal:handleRedirectEnd @ https://myapps.microsoft.com/bundle/main.765b8a0d.js:1
[     671ms] [LOG] [Wed, 27 May 2026 16:55:23 GMT] : @azure/msal-browser@2.37.1 : Verbose - Emitting event to callback 72b45adb-6273-46d8-8fde-3f5e137ad8e8: msal:handleRedirectEnd @ https://myapps.microsoft.com/bundle/main.765b8a0d.js:1
[     671ms] [LOG] [Wed, 27 May 2026 16:55:23 GMT] : @azure/msal-browser@2.37.1 : Verbose - Emitting event to callback 3bda81cb-4231-471f-be2c-d6f60238e574: msal:handleRedirectEnd @ https://myapps.microsoft.com/bundle/main.765b8a0d.js:1
[     671ms] [LOG] [Wed, 27 May 2026 16:55:23 GMT] : @azure/msal-react@1.5.8 : Info - MsalProvider - msal:handleRedirectEnd results in setting inProgress from handleRedirect to none @ https://myapps.microsoft.com/bundle/main.765b8a0d.js:1
[     671ms] [LOG] [Wed, 27 May 2026 16:55:23 GMT] : @azure/msal-browser@2.37.1 : Verbose - getAllAccounts called @ https://myapps.microsoft.com/bundle/main.765b8a0d.js:1
[     671ms] [LOG] [Wed, 27 May 2026 16:55:23 GMT] : @azure/msal-browser@2.37.1 : Verbose - BrowserCacheManager.getAccountKeys - No account keys found @ https://myapps.microsoft.com/bundle/main.765b8a0d.js:1
[     671ms] [LOG] [Wed, 27 May 2026 16:55:23 GMT] : @azure/msal-browser@2.37.1 : Info - @iamexperiences/feature-auth, message: rendering AuthenticatedTemplate @ https://myapps.microsoft.com/bundle/main.765b8a0d.js:1
[     671ms] [LOG] [Wed, 27 May 2026 16:55:23 GMT] : @azure/msal-browser@2.37.1 : Info - @iamexperiences/feature-auth, message: rendering useAuthLoginViaHints @ https://myapps.microsoft.com/bundle/main.765b8a0d.js:1
[     672ms] [LOG] [Wed, 27 May 2026 16:55:23 GMT] : @azure/msal-browser@2.37.1 : Info - @iamexperiences/feature-auth, message: AuthenticatedTemplate: willStartLoginFlowExplicitly: false @ https://myapps.microsoft.com/bundle/main.765b8a0d.js:1
[     672ms] [LOG] [Wed, 27 May 2026 16:55:23 GMT] : @azure/msal-browser@2.37.1 : Verbose - getAllAccounts called @ https://myapps.microsoft.com/bundle/main.765b8a0d.js:1
[     672ms] [LOG] [Wed, 27 May 2026 16:55:23 GMT] : @azure/msal-browser@2.37.1 : Verbose - BrowserCacheManager.getAccountKeys - No account keys found @ https://myapps.microsoft.com/bundle/main.765b8a0d.js:1
[     672ms] [LOG] [Wed, 27 May 2026 16:55:23 GMT] : @azure/msal-browser@2.37.1 : Info - @iamexperiences/feature-auth, message: AuthenticatedTemplate: rendering MSALAuthenticationTemplate {"authority":"https://login.microsoftonline.com/common/"} @ https://myapps.microsoft.com/bundle/main.765b8a0d.js:1
[     672ms] [LOG] [Wed, 27 May 2026 16:55:23 GMT] : @azure/msal-react@1.5.8 : Info - useAccount - Updating account @ https://myapps.microsoft.com/bundle/main.765b8a0d.js:1
[     673ms] [LOG] [Wed, 27 May 2026 16:55:23 GMT] : @azure/msal-browser@2.37.1 : Verbose - Event callback registered with id: 7c313e47-1323-4721-9453-0336de8c5099 @ https://myapps.microsoft.com/bundle/main.765b8a0d.js:1
[     673ms] [LOG] [Wed, 27 May 2026 16:55:23 GMT] : @azure/msal-react@1.5.8 : Verbose - useMsalAuthentication - Registered event callback with id: 7c313e47-1323-4721-9453-0336de8c5099 @ https://myapps.microsoft.com/bundle/main.765b8a0d.js:1
[     673ms] [LOG] [Wed, 27 May 2026 16:55:23 GMT] : @azure/msal-react@1.5.8 : Info - useMsalAuthentication - No user is authenticated, attempting to login @ https://myapps.microsoft.com/bundle/main.765b8a0d.js:1
[     673ms] [LOG] [Wed, 27 May 2026 16:55:23 GMT] : @azure/msal-react@1.5.8 : Verbose - useMsalAuthentication - Calling loginRedirect @ https://myapps.microsoft.com/bundle/main.765b8a0d.js:1
[     673ms] [LOG] [Wed, 27 May 2026 16:55:23 GMT] : [3d3398a3-9bec-4240-9c06-5a06541076c9] : @azure/msal-browser@2.37.1 : Verbose - loginRedirect called @ https://myapps.microsoft.com/bundle/main.765b8a0d.js:1
[     673ms] [LOG] [Wed, 27 May 2026 16:55:23 GMT] : [3d3398a3-9bec-4240-9c06-5a06541076c9] : @azure/msal-browser@2.37.1 : Verbose - acquireTokenRedirect called @ https://myapps.microsoft.com/bundle/main.765b8a0d.js:1
[     673ms] [LOG] [Wed, 27 May 2026 16:55:23 GMT] : @azure/msal-browser@2.37.1 : Verbose - preflightBrowserEnvironmentCheck started @ https://myapps.microsoft.com/bundle/main.765b8a0d.js:1
[     673ms] [LOG] [Wed, 27 May 2026 16:55:23 GMT] : @azure/msal-browser@2.37.1 : Verbose - preflightInteractiveRequest called, validating app environment @ https://myapps.microsoft.com/bundle/main.765b8a0d.js:1
[     673ms] [LOG] [Wed, 27 May 2026 16:55:23 GMT] : @azure/msal-browser@2.37.1 : Verbose - getAllAccounts called @ https://myapps.microsoft.com/bundle/main.765b8a0d.js:1
[     673ms] [LOG] [Wed, 27 May 2026 16:55:23 GMT] : @azure/msal-browser@2.37.1 : Verbose - BrowserCacheManager.getAccountKeys - No account keys found @ https://myapps.microsoft.com/bundle/main.765b8a0d.js:1
[     673ms] [LOG] [Wed, 27 May 2026 16:55:23 GMT] : @azure/msal-browser@2.37.1 : Info - Emitting event: msal:loginStart @ https://myapps.microsoft.com/bundle/main.765b8a0d.js:1
[     674ms] [LOG] [Wed, 27 May 2026 16:55:23 GMT] : @azure/msal-browser@2.37.1 : Verbose - Emitting event to callback 72b45adb-6273-46d8-8fde-3f5e137ad8e8: msal:loginStart @ https://myapps.microsoft.com/bundle/main.765b8a0d.js:1
[     674ms] [LOG] [Wed, 27 May 2026 16:55:23 GMT] : @azure/msal-browser@2.37.1 : Verbose - Emitting event to callback 3bda81cb-4231-471f-be2c-d6f60238e574: msal:loginStart @ https://myapps.microsoft.com/bundle/main.765b8a0d.js:1
[     674ms] [LOG] [Wed, 27 May 2026 16:55:23 GMT] : @azure/msal-browser@2.37.1 : Verbose - Emitting event to callback 7c313e47-1323-4721-9453-0336de8c5099: msal:loginStart @ https://myapps.microsoft.com/bundle/main.765b8a0d.js:1
[     674ms] [LOG] [Wed, 27 May 2026 16:55:23 GMT] : [3d3398a3-9bec-4240-9c06-5a06541076c9] : msal.js.browser@2.37.1 : Verbose - initializeAuthorizationRequest called @ https://myapps.microsoft.com/bundle/main.765b8a0d.js:1
[     674ms] [LOG] [Wed, 27 May 2026 16:55:23 GMT] : [3d3398a3-9bec-4240-9c06-5a06541076c9] : msal.js.browser@2.37.1 : Verbose - getRedirectUri called @ https://myapps.microsoft.com/bundle/main.765b8a0d.js:1
[     674ms] [LOG] [Wed, 27 May 2026 16:55:23 GMT] : [3d3398a3-9bec-4240-9c06-5a06541076c9] : msal.js.browser@2.37.1 : Verbose - Initializing BaseAuthRequest @ https://myapps.microsoft.com/bundle/main.765b8a0d.js:1
[     674ms] [LOG] [Wed, 27 May 2026 16:55:23 GMT] : [3d3398a3-9bec-4240-9c06-5a06541076c9] : msal.js.browser@2.37.1 : Verbose - Authentication Scheme wasn't explicitly set in request, defaulting to "Bearer" request @ https://myapps.microsoft.com/bundle/main.765b8a0d.js:1
[     674ms] [LOG] [Wed, 27 May 2026 16:55:23 GMT] : @azure/msal-browser@2.37.1 : Verbose - getAllAccounts called @ https://myapps.microsoft.com/bundle/main.765b8a0d.js:1
[     674ms] [LOG] [Wed, 27 May 2026 16:55:23 GMT] : @azure/msal-browser@2.37.1 : Verbose - BrowserCacheManager.getAccountKeys - No account keys found @ https://myapps.microsoft.com/bundle/main.765b8a0d.js:1
[     674ms] [LOG] [Wed, 27 May 2026 16:55:23 GMT] : @azure/msal-react@1.5.8 : Info - MsalProvider - msal:loginStart results in setting inProgress from none to login @ https://myapps.microsoft.com/bundle/main.765b8a0d.js:1
[     675ms] [LOG] [Wed, 27 May 2026 16:55:23 GMT] : @azure/msal-browser@2.37.1 : Verbose - getAllAccounts called @ https://myapps.microsoft.com/bundle/main.765b8a0d.js:1
[     675ms] [LOG] [Wed, 27 May 2026 16:55:23 GMT] : @azure/msal-browser@2.37.1 : Verbose - BrowserCacheManager.getAccountKeys - No account keys found @ https://myapps.microsoft.com/bundle/main.765b8a0d.js:1
[     675ms] [LOG] [Wed, 27 May 2026 16:55:23 GMT] : @azure/msal-browser@2.37.1 : Info - @iamexperiences/feature-auth, message: rendering AuthenticatedTemplate @ https://myapps.microsoft.com/bundle/main.765b8a0d.js:1
[     675ms] [LOG] [Wed, 27 May 2026 16:55:23 GMT] : @azure/msal-browser@2.37.1 : Info - @iamexperiences/feature-auth, message: rendering useAuthLoginViaHints @ https://myapps.microsoft.com/bundle/main.765b8a0d.js:1
[     675ms] [LOG] [Wed, 27 May 2026 16:55:23 GMT] : @azure/msal-react@1.5.8 : Verbose - useMsalAuthentication - Removing event callback 7c313e47-1323-4721-9453-0336de8c5099 @ https://myapps.microsoft.com/bundle/main.765b8a0d.js:1
[     675ms] [LOG] [Wed, 27 May 2026 16:55:23 GMT] : @azure/msal-browser@2.37.1 : Verbose - Event callback 7c313e47-1323-4721-9453-0336de8c5099 removed. @ https://myapps.microsoft.com/bundle/main.765b8a0d.js:1
[     676ms] [LOG] [Wed, 27 May 2026 16:55:23 GMT] : [3d3398a3-9bec-4240-9c06-5a06541076c9] : msal.js.browser@2.37.1 : Verbose - initializeServerTelemetryManager called @ https://myapps.microsoft.com/bundle/main.765b8a0d.js:1
[     676ms] [LOG] [Wed, 27 May 2026 16:55:23 GMT] : [3d3398a3-9bec-4240-9c06-5a06541076c9] : msal.js.browser@2.37.1 : Verbose - initializeAuthorizationRequest called @ https://myapps.microsoft.com/bundle/main.765b8a0d.js:1
[     676ms] [LOG] [Wed, 27 May 2026 16:55:23 GMT] : [3d3398a3-9bec-4240-9c06-5a06541076c9] : msal.js.browser@2.37.1 : Verbose - getClientConfiguration called @ https://myapps.microsoft.com/bundle/main.765b8a0d.js:1
[     676ms] [LOG] [Wed, 27 May 2026 16:55:23 GMT] : [3d3398a3-9bec-4240-9c06-5a06541076c9] : msal.js.browser@2.37.1 : Verbose - getDiscoveredAuthority called @ https://myapps.microsoft.com/bundle/main.765b8a0d.js:1
[     676ms] [LOG] [Wed, 27 May 2026 16:55:23 GMT] : [3d3398a3-9bec-4240-9c06-5a06541076c9] : msal.js.browser@2.37.1 : Verbose - Creating discovered authority with configured authority @ https://myapps.microsoft.com/bundle/main.765b8a0d.js:1
[     677ms] [LOG] [Wed, 27 May 2026 16:55:23 GMT] : [3d3398a3-9bec-4240-9c06-5a06541076c9] : msal.js.browser@2.37.1 : Verbose - Attempting to get cloud discovery metadata in the config @ https://myapps.microsoft.com/bundle/main.765b8a0d.js:1
[     677ms] [LOG] [Wed, 27 May 2026 16:55:23 GMT] : [3d3398a3-9bec-4240-9c06-5a06541076c9] : msal.js.browser@2.37.1 : Verbose - Did not find cloud discovery metadata in the config... Attempting to get cloud discovery metadata from the cache. @ https://myapps.microsoft.com/bundle/main.765b8a0d.js:1
[     677ms] [LOG] [Wed, 27 May 2026 16:55:23 GMT] : [3d3398a3-9bec-4240-9c06-5a06541076c9] : msal.js.browser@2.37.1 : Verbose - Did not find cloud discovery metadata in the cache... Attempting to get cloud discovery metadata from the network. @ https://myapps.microsoft.com/bundle/main.765b8a0d.js:1
[     705ms] [WARNING] Error while trying to use the following icon from the Manifest: https://myapps.microsoft.com/favicon.ico (Resource size is not correct - typo in the Manifest?) @ https://myapps.microsoft.com/:0
[     850ms] [LOG] [Wed, 27 May 2026 16:55:23 GMT] : [3d3398a3-9bec-4240-9c06-5a06541076c9] : msal.js.browser@2.37.1 : Verbose - Attempting to find a match between the developer's authority and the CloudInstanceDiscoveryMetadata returned from the network request. @ https://myapps.microsoft.com/bundle/main.765b8a0d.js:1
[     851ms] [LOG] [Wed, 27 May 2026 16:55:23 GMT] : [3d3398a3-9bec-4240-9c06-5a06541076c9] : msal.js.browser@2.37.1 : Verbose - cloud discovery metadata was successfully returned from getCloudDiscoveryMetadataFromNetwork() @ https://myapps.microsoft.com/bundle/main.765b8a0d.js:1
[    1012ms] [LOG] [Wed, 27 May 2026 16:55:23 GMT] : [3d3398a3-9bec-4240-9c06-5a06541076c9] : @azure/msal-browser@2.37.1 : Verbose - PerformanceClient: Emitting performance events @ https://myapps.microsoft.com/bundle/main.765b8a0d.js:1
[    1012ms] [LOG] [Wed, 27 May 2026 16:55:23 GMT] : [3d3398a3-9bec-4240-9c06-5a06541076c9] : @azure/msal-browser@2.37.1 : Verbose - PerformanceTelemetryReporter: Skipping telemetry for standardInteractionClientGetDiscoveredAuthority @ https://myapps.microsoft.com/bundle/main.765b8a0d.js:1
[    1013ms] [LOG] [Wed, 27 May 2026 16:55:23 GMT] : [3d3398a3-9bec-4240-9c06-5a06541076c9] : msal.js.browser@2.37.1 : Verbose - Auth code client created @ https://myapps.microsoft.com/bundle/main.765b8a0d.js:1
[    1014ms] [LOG] [Wed, 27 May 2026 16:55:23 GMT] : [3d3398a3-9bec-4240-9c06-5a06541076c9] : msal.js.browser@2.37.1 : Verbose - RedirectHandler.initiateAuthRequest called @ https://myapps.microsoft.com/bundle/main.765b8a0d.js:1
[    1014ms] [LOG] [Wed, 27 May 2026 16:55:23 GMT] : [3d3398a3-9bec-4240-9c06-5a06541076c9] : msal.js.browser@2.37.1 : Verbose - RedirectHandler.initiateAuthRequest: redirectStartPage set, caching start page @ https://myapps.microsoft.com/bundle/main.765b8a0d.js:1
[    1015ms] [LOG] [Wed, 27 May 2026 16:55:23 GMT] : [3d3398a3-9bec-4240-9c06-5a06541076c9] : msal.js.browser@2.37.1 : Verbose - RedirectHandler.initiateAuthRequest: Navigating window to navigate url @ https://myapps.microsoft.com/bundle/main.765b8a0d.js:1
[    2037ms] [LOG] true @ https://login.live.com/Me.htm?v=3:0
[    2038ms] [LOG] Storage access: true @ https://login.live.com/Me.htm?v=3:0
[    2543ms] [LOG] [Wed, 27 May 2026 16:55:25 GMT] : @azure/msal-browser@2.37.1 : Verbose - BrowserCrypto: modern crypto interface available @ https://myapps.microsoft.com/bundle/main.765b8a0d.js:1
[    2543ms] [LOG] [Wed, 27 May 2026 16:55:25 GMT] : @azure/msal-browser@2.37.1 : Verbose - BrowserCrypto: modern crypto interface available @ https://myapps.microsoft.com/bundle/main.765b8a0d.js:1
[    2543ms] [LOG] [Wed, 27 May 2026 16:55:25 GMT] : @azure/msal-browser@2.37.1 : Verbose - PerformanceTelemetryReporter: Configured sampling rate = undefined  @ https://myapps.microsoft.com/bundle/main.765b8a0d.js:1
[    2543ms] [LOG] [Wed, 27 May 2026 16:55:25 GMT] : @azure/msal-browser@2.37.1 : Verbose - PerformanceTelemetryReporter: DEFAULT sampling rate = 0.1 @ https://myapps.microsoft.com/bundle/main.765b8a0d.js:1
[    2543ms] [LOG] [Wed, 27 May 2026 16:55:25 GMT] : @azure/msal-browser@2.37.1 : Verbose - PerformanceTelemetryReporter: Sampled for 1p telemetry: true @ https://myapps.microsoft.com/bundle/main.765b8a0d.js:1
[    2544ms] [LOG] [Wed, 27 May 2026 16:55:25 GMT] : @azure/msal-browser@2.37.1 : Verbose - PerformanceTelemetryReporter: Events to be tracked include : acquireTokenSilent,ssoSilent,acquireTokenByCode @ https://myapps.microsoft.com/bundle/main.765b8a0d.js:1
[    2544ms] [LOG] [Wed, 27 May 2026 16:55:25 GMT] : @azure/msal-browser@2.37.1 : Verbose - PerformanceTelemetryReporter: Events passed in the PerformanceTelemetryConfiguration are: undefined @ https://myapps.microsoft.com/bundle/main.765b8a0d.js:1
[    2546ms] [LOG] [Wed, 27 May 2026 16:55:25 GMT] : @azure/msal-browser@2.37.1 : Verbose - PerformanceTelemetryReporter: Initialized @ https://myapps.microsoft.com/bundle/main.765b8a0d.js:1
[    2546ms] [LOG] [Wed, 27 May 2026 16:55:25 GMT] : @azure/msal-browser@2.37.1 : Verbose -  PerformanceTelemetryReporter: Returning callback as telemetry emitted. @ https://myapps.microsoft.com/bundle/main.765b8a0d.js:1
[    2546ms] [LOG] [Wed, 27 May 2026 16:55:25 GMT] : @azure/msal-browser@2.37.1 : Verbose - PerformanceClient: Performance callback registered with id: 08f3eba1-ee8c-47ed-9c77-6e39c1ec3621 @ https://myapps.microsoft.com/bundle/main.765b8a0d.js:1
[    2547ms] [LOG] [Wed, 27 May 2026 16:55:25 GMT] : @azure/msal-browser@2.37.1 : Verbose - Event callback registered with id: 35b70c3c-d0fa-48bb-a8dd-012b5b7f5a67 @ https://myapps.microsoft.com/bundle/main.765b8a0d.js:1
[    2549ms] [WARNING] Two extensions have same priority #3 - SystemPropertiesCollector, SystemPropertiesCollector @ https://myapps.microsoft.com/bundle/microsoft.637176df.js:0
[    2574ms] [LOG] [Wed, 27 May 2026 16:55:25 GMT] : @azure/msal-browser@2.37.1 : Verbose - getAllAccounts called @ https://myapps.microsoft.com/bundle/main.765b8a0d.js:1
[    2574ms] [LOG] [Wed, 27 May 2026 16:55:25 GMT] : @azure/msal-browser@2.37.1 : Verbose - BrowserCacheManager.getAccountKeys - No account keys found @ https://myapps.microsoft.com/bundle/main.765b8a0d.js:1
[    2574ms] [LOG] [Wed, 27 May 2026 16:55:25 GMT] : @azure/msal-browser@2.37.1 : Info - @iamexperiences/feature-auth, message: rendering AuthenticatedTemplate @ https://myapps.microsoft.com/bundle/main.765b8a0d.js:1
[    2575ms] [LOG] [Wed, 27 May 2026 16:55:25 GMT] : @azure/msal-browser@2.37.1 : Info - @iamexperiences/feature-auth, message: rendering useAuthLoginViaHints @ https://myapps.microsoft.com/bundle/main.765b8a0d.js:1
[    2577ms] [LOG] [Wed, 27 May 2026 16:55:25 GMT] : @azure/msal-browser@2.37.1 : Verbose - Event callback registered with id: c7e2bf09-999d-4c7b-951b-0bfe99d096ed @ https://myapps.microsoft.com/bundle/main.765b8a0d.js:1
[    2577ms] [LOG] [Wed, 27 May 2026 16:55:25 GMT] : @azure/msal-react@1.5.8 : Verbose - MsalProvider - Registered event callback with id: c7e2bf09-999d-4c7b-951b-0bfe99d096ed @ https://myapps.microsoft.com/bundle/main.765b8a0d.js:1
[    2577ms] [LOG] [Wed, 27 May 2026 16:55:25 GMT] : [222e1570-42eb-4791-8b95-4c939e638f8b] : @azure/msal-browser@2.37.1 : Info - PerformanceClient: No correlation id provided for initializeClientApplication, generating @ https://myapps.microsoft.com/bundle/main.765b8a0d.js:1
[    2578ms] [LOG] [Wed, 27 May 2026 16:55:25 GMT] : @azure/msal-browser@2.37.1 : Info - Emitting event: msal:initializeStart @ https://myapps.microsoft.com/bundle/main.765b8a0d.js:1
[    2578ms] [LOG] [Wed, 27 May 2026 16:55:25 GMT] : @azure/msal-browser@2.37.1 : Verbose - Emitting event to callback 35b70c3c-d0fa-48bb-a8dd-012b5b7f5a67: msal:initializeStart @ https://myapps.microsoft.com/bundle/main.765b8a0d.js:1
[    2578ms] [LOG] [Wed, 27 May 2026 16:55:25 GMT] : @azure/msal-browser@2.37.1 : Verbose - Emitting event to callback c7e2bf09-999d-4c7b-951b-0bfe99d096ed: msal:initializeStart @ https://myapps.microsoft.com/bundle/main.765b8a0d.js:1
[    2578ms] [LOG] [Wed, 27 May 2026 16:55:25 GMT] : @azure/msal-browser@2.37.1 : Verbose - getAllAccounts called @ https://myapps.microsoft.com/bundle/main.765b8a0d.js:1
[    2578ms] [LOG] [Wed, 27 May 2026 16:55:25 GMT] : @azure/msal-browser@2.37.1 : Verbose - BrowserCacheManager.getAccountKeys - No account keys found @ https://myapps.microsoft.com/bundle/main.765b8a0d.js:1
[    2578ms] [LOG] [Wed, 27 May 2026 16:55:25 GMT] : @azure/msal-browser@2.37.1 : Info - Emitting event: msal:initializeEnd @ https://myapps.microsoft.com/bundle/main.765b8a0d.js:1
[    2579ms] [LOG] [Wed, 27 May 2026 16:55:25 GMT] : @azure/msal-browser@2.37.1 : Verbose - Emitting event to callback 35b70c3c-d0fa-48bb-a8dd-012b5b7f5a67: msal:initializeEnd @ https://myapps.microsoft.com/bundle/main.765b8a0d.js:1
[    2579ms] [LOG] [Wed, 27 May 2026 16:55:25 GMT] : @azure/msal-browser@2.37.1 : Verbose - Emitting event to callback c7e2bf09-999d-4c7b-951b-0bfe99d096ed: msal:initializeEnd @ https://myapps.microsoft.com/bundle/main.765b8a0d.js:1
[    2579ms] [LOG] [Wed, 27 May 2026 16:55:25 GMT] : @azure/msal-browser@2.37.1 : Verbose - getAllAccounts called @ https://myapps.microsoft.com/bundle/main.765b8a0d.js:1
[    2579ms] [LOG] [Wed, 27 May 2026 16:55:25 GMT] : @azure/msal-browser@2.37.1 : Verbose - BrowserCacheManager.getAccountKeys - No account keys found @ https://myapps.microsoft.com/bundle/main.765b8a0d.js:1
[    2579ms] [LOG] [Wed, 27 May 2026 16:55:25 GMT] : [222e1570-42eb-4791-8b95-4c939e638f8b] : @azure/msal-browser@2.37.1 : Verbose - PerformanceClient: Emitting performance events @ https://myapps.microsoft.com/bundle/main.765b8a0d.js:1
[    2579ms] [LOG] [Wed, 27 May 2026 16:55:25 GMT] : [222e1570-42eb-4791-8b95-4c939e638f8b] : @azure/msal-browser@2.37.1 : Verbose - PerformanceTelemetryReporter: Skipping telemetry for initializeClientApplication @ https://myapps.microsoft.com/bundle/main.765b8a0d.js:1
[    2579ms] [LOG] [Wed, 27 May 2026 16:55:25 GMT] : @azure/msal-browser@2.37.1 : Verbose - handleRedirectPromise called @ https://myapps.microsoft.com/bundle/main.765b8a0d.js:1
[    2579ms] [LOG] [Wed, 27 May 2026 16:55:25 GMT] : @azure/msal-browser@2.37.1 : Verbose - getAllAccounts called @ https://myapps.microsoft.com/bundle/main.765b8a0d.js:1
[    2579ms] [LOG] [Wed, 27 May 2026 16:55:25 GMT] : @azure/msal-browser@2.37.1 : Verbose - BrowserCacheManager.getAccountKeys - No account keys found @ https://myapps.microsoft.com/bundle/main.765b8a0d.js:1
[    2579ms] [LOG] [Wed, 27 May 2026 16:55:25 GMT] : @azure/msal-browser@2.37.1 : Info - Emitting event: msal:handleRedirectStart @ https://myapps.microsoft.com/bundle/main.765b8a0d.js:1
[    2579ms] [LOG] [Wed, 27 May 2026 16:55:25 GMT] : @azure/msal-browser@2.37.1 : Verbose - Emitting event to callback 35b70c3c-d0fa-48bb-a8dd-012b5b7f5a67: msal:handleRedirectStart @ https://myapps.microsoft.com/bundle/main.765b8a0d.js:1
[    2579ms] [LOG] [Wed, 27 May 2026 16:55:25 GMT] : @azure/msal-browser@2.37.1 : Verbose - Emitting event to callback c7e2bf09-999d-4c7b-951b-0bfe99d096ed: msal:handleRedirectStart @ https://myapps.microsoft.com/bundle/main.765b8a0d.js:1
[    2579ms] [LOG] [Wed, 27 May 2026 16:55:25 GMT] : @azure/msal-react@1.5.8 : Info - MsalProvider - msal:handleRedirectStart results in setting inProgress from startup to handleRedirect @ https://myapps.microsoft.com/bundle/main.765b8a0d.js:1
[    2580ms] [LOG] [Wed, 27 May 2026 16:55:25 GMT] : @azure/msal-browser@2.37.1 : Verbose - getAllAccounts called @ https://myapps.microsoft.com/bundle/main.765b8a0d.js:1
[    2580ms] [LOG] [Wed, 27 May 2026 16:55:25 GMT] : @azure/msal-browser@2.37.1 : Verbose - BrowserCacheManager.getAccountKeys - No account keys found @ https://myapps.microsoft.com/bundle/main.765b8a0d.js:1
[    2580ms] [LOG] [Wed, 27 May 2026 16:55:25 GMT] : @azure/msal-browser@2.37.1 : Info - @iamexperiences/feature-auth, message: rendering AuthenticatedTemplate @ https://myapps.microsoft.com/bundle/main.765b8a0d.js:1
[    2580ms] [LOG] [Wed, 27 May 2026 16:55:25 GMT] : @azure/msal-browser@2.37.1 : Info - @iamexperiences/feature-auth, message: rendering useAuthLoginViaHints @ https://myapps.microsoft.com/bundle/main.765b8a0d.js:1
[    2580ms] [LOG] [Wed, 27 May 2026 16:55:25 GMT] : @azure/msal-browser@2.37.1 : Verbose - handleRedirectPromise has been called for the first time, storing the promise @ https://myapps.microsoft.com/bundle/main.765b8a0d.js:1
[    2581ms] [LOG] [Wed, 27 May 2026 16:55:25 GMT] : [3d3398a3-9bec-4240-9c06-5a06541076c9] : msal.js.browser@2.37.1 : Verbose - initializeServerTelemetryManager called @ https://myapps.microsoft.com/bundle/main.765b8a0d.js:1
[    2581ms] [LOG] [Wed, 27 May 2026 16:55:25 GMT] : [3d3398a3-9bec-4240-9c06-5a06541076c9] : msal.js.browser@2.37.1 : Verbose - getRedirectResponseHash called @ https://myapps.microsoft.com/bundle/main.765b8a0d.js:1
[    2581ms] [LOG] [Wed, 27 May 2026 16:55:25 GMT] : [3d3398a3-9bec-4240-9c06-5a06541076c9] : msal.js.browser@2.37.1 : Verbose - Hash contains known properties, returning response hash @ https://myapps.microsoft.com/bundle/main.765b8a0d.js:1
[    2581ms] [LOG] [Wed, 27 May 2026 16:55:25 GMT] : [3d3398a3-9bec-4240-9c06-5a06541076c9] : msal.js.browser@2.37.1 : Verbose - validateAndExtractStateFromHash called @ https://myapps.microsoft.com/bundle/main.765b8a0d.js:1
[    2581ms] [LOG] [Wed, 27 May 2026 16:55:25 GMT] : [3d3398a3-9bec-4240-9c06-5a06541076c9] : msal.js.browser@2.37.1 : Verbose - Returning state from hash @ https://myapps.microsoft.com/bundle/main.765b8a0d.js:1
[    2581ms] [LOG] [Wed, 27 May 2026 16:55:25 GMT] : [3d3398a3-9bec-4240-9c06-5a06541076c9] : msal.js.browser@2.37.1 : Verbose - State extracted from hash @ https://myapps.microsoft.com/bundle/main.765b8a0d.js:1
[    2581ms] [LOG] [Wed, 27 May 2026 16:55:25 GMT] : [3d3398a3-9bec-4240-9c06-5a06541076c9] : msal.js.browser@2.37.1 : Verbose - Current page is loginRequestUrl, handling hash @ https://myapps.microsoft.com/bundle/main.765b8a0d.js:1
[    2582ms] [LOG] [Wed, 27 May 2026 16:55:25 GMT] : [3d3398a3-9bec-4240-9c06-5a06541076c9] : msal.js.browser@2.37.1 : Verbose - handleHash called, retrieved cached request @ https://myapps.microsoft.com/bundle/main.765b8a0d.js:1
[    2582ms] [LOG] [Wed, 27 May 2026 16:55:25 GMT] : [3d3398a3-9bec-4240-9c06-5a06541076c9] : msal.js.browser@2.37.1 : Verbose - getClientConfiguration called @ https://myapps.microsoft.com/bundle/main.765b8a0d.js:1
[    2582ms] [LOG] [Wed, 27 May 2026 16:55:25 GMT] : [3d3398a3-9bec-4240-9c06-5a06541076c9] : msal.js.browser@2.37.1 : Verbose - getDiscoveredAuthority called @ https://myapps.microsoft.com/bundle/main.765b8a0d.js:1
[    2582ms] [LOG] [Wed, 27 May 2026 16:55:25 GMT] : [3d3398a3-9bec-4240-9c06-5a06541076c9] : msal.js.browser@2.37.1 : Verbose - Creating discovered authority with configured authority @ https://myapps.microsoft.com/bundle/main.765b8a0d.js:1
[    2582ms] [LOG] [Wed, 27 May 2026 16:55:25 GMT] : [3d3398a3-9bec-4240-9c06-5a06541076c9] : msal.js.browser@2.37.1 : Verbose - Attempting to get cloud discovery metadata in the config @ https://myapps.microsoft.com/bundle/main.765b8a0d.js:1
[    2582ms] [LOG] [Wed, 27 May 2026 16:55:25 GMT] : [3d3398a3-9bec-4240-9c06-5a06541076c9] : msal.js.browser@2.37.1 : Verbose - Did not find cloud discovery metadata in the config... Attempting to get cloud discovery metadata from the cache. @ https://myapps.microsoft.com/bundle/main.765b8a0d.js:1
[    2583ms] [LOG] [Wed, 27 May 2026 16:55:25 GMT] : [3d3398a3-9bec-4240-9c06-5a06541076c9] : msal.js.browser@2.37.1 : Verbose - Did not find cloud discovery metadata in the cache... Attempting to get cloud discovery metadata from the network. @ https://myapps.microsoft.com/bundle/main.765b8a0d.js:1
[    2585ms] [LOG] [Wed, 27 May 2026 16:55:25 GMT] : [3d3398a3-9bec-4240-9c06-5a06541076c9] : msal.js.browser@2.37.1 : Verbose - Attempting to find a match between the developer's authority and the CloudInstanceDiscoveryMetadata returned from the network request. @ https://myapps.microsoft.com/bundle/main.765b8a0d.js:1
[    2585ms] [LOG] [Wed, 27 May 2026 16:55:25 GMT] : [3d3398a3-9bec-4240-9c06-5a06541076c9] : msal.js.browser@2.37.1 : Verbose - cloud discovery metadata was successfully returned from getCloudDiscoveryMetadataFromNetwork() @ https://myapps.microsoft.com/bundle/main.765b8a0d.js:1
[    2586ms] [LOG] [Wed, 27 May 2026 16:55:25 GMT] : [3d3398a3-9bec-4240-9c06-5a06541076c9] : @azure/msal-browser@2.37.1 : Verbose - PerformanceClient: Emitting performance events @ https://myapps.microsoft.com/bundle/main.765b8a0d.js:1
[    2586ms] [LOG] [Wed, 27 May 2026 16:55:25 GMT] : [3d3398a3-9bec-4240-9c06-5a06541076c9] : @azure/msal-browser@2.37.1 : Verbose - PerformanceTelemetryReporter: Skipping telemetry for standardInteractionClientGetDiscoveredAuthority @ https://myapps.microsoft.com/bundle/main.765b8a0d.js:1
[    2586ms] [LOG] [Wed, 27 May 2026 16:55:25 GMT] : [3d3398a3-9bec-4240-9c06-5a06541076c9] : msal.js.browser@2.37.1 : Verbose - Auth code client created @ https://myapps.microsoft.com/bundle/main.765b8a0d.js:1
[    2586ms] [LOG] [Wed, 27 May 2026 16:55:25 GMT] : [3d3398a3-9bec-4240-9c06-5a06541076c9] : msal.js.browser@2.37.1 : Verbose - RedirectHandler.handleCodeResponse called @ https://myapps.microsoft.com/bundle/main.765b8a0d.js:1
[    2586ms] [LOG] [Wed, 27 May 2026 16:55:25 GMT] : [3d3398a3-9bec-4240-9c06-5a06541076c9] : @azure/msal-common@13.1.0 : Info - in acquireToken call in auth-code client @ https://myapps.microsoft.com/bundle/main.765b8a0d.js:1
[    2633ms] [WARNING] Error while trying to use the following icon from the Manifest: https://myapps.microsoft.com/favicon.ico (Resource size is not correct - typo in the Manifest?) @ https://myapps.microsoft.com/:0
[    2854ms] [LOG] [Wed, 27 May 2026 16:55:25 GMT] : @azure/msal-browser@2.37.1 : Verbose - BrowserCacheManager.getAccountKeys - No account keys found @ https://myapps.microsoft.com/bundle/main.765b8a0d.js:1
[    2855ms] [LOG] [Wed, 27 May 2026 16:55:25 GMT] : @azure/msal-browser@2.37.1 : Verbose - BrowserCacheManager.addAccountKeyToMap account key added @ https://myapps.microsoft.com/bundle/main.765b8a0d.js:1
[    2855ms] [LOG] [Wed, 27 May 2026 16:55:25 GMT] : @azure/msal-browser@2.37.1 : Verbose - BrowserCacheManager.getTokenKeys - No token keys found @ https://myapps.microsoft.com/bundle/main.765b8a0d.js:1
[    2855ms] [LOG] [Wed, 27 May 2026 16:55:25 GMT] : @azure/msal-browser@2.37.1 : Info - BrowserCacheManager: addTokenKey - idToken added to map @ https://myapps.microsoft.com/bundle/main.765b8a0d.js:1
[    2856ms] [LOG] [Wed, 27 May 2026 16:55:25 GMT] : @azure/msal-browser@2.37.1 : Info - BrowserCacheManager: addTokenKey - accessToken added to map @ https://myapps.microsoft.com/bundle/main.765b8a0d.js:1
[    2856ms] [LOG] [Wed, 27 May 2026 16:55:25 GMT] : @azure/msal-browser@2.37.1 : Info - BrowserCacheManager: addTokenKey - refreshToken added to map @ https://myapps.microsoft.com/bundle/main.765b8a0d.js:1
[    2857ms] [LOG] [Wed, 27 May 2026 16:55:25 GMT] : [3d3398a3-9bec-4240-9c06-5a06541076c9] : @azure/msal-browser@2.37.1 : Verbose - PerformanceClient: Emitting performance events @ https://myapps.microsoft.com/bundle/main.765b8a0d.js:1
[    2857ms] [LOG] [Wed, 27 May 2026 16:55:25 GMT] : [3d3398a3-9bec-4240-9c06-5a06541076c9] : @azure/msal-browser@2.37.1 : Verbose - PerformanceTelemetryReporter: Skipping telemetry for AuthCodeClientAcquireToken @ https://myapps.microsoft.com/bundle/main.765b8a0d.js:1
[    2857ms] [LOG] [Wed, 27 May 2026 16:55:25 GMT] : @azure/msal-browser@2.37.1 : Verbose - getAllAccounts called @ https://myapps.microsoft.com/bundle/main.765b8a0d.js:1
[    2857ms] [LOG] [Wed, 27 May 2026 16:55:25 GMT] : @azure/msal-common@13.1.0 : Info - CacheManager:getIdToken - Returning id token @ https://myapps.microsoft.com/bundle/main.765b8a0d.js:1
[    2858ms] [LOG] [Wed, 27 May 2026 16:55:25 GMT] : @azure/msal-browser@2.37.1 : Info - Emitting event: msal:loginSuccess @ https://myapps.microsoft.com/bundle/main.765b8a0d.js:1
[    2858ms] [LOG] [Wed, 27 May 2026 16:55:25 GMT] : @azure/msal-browser@2.37.1 : Verbose - Emitting event to callback 35b70c3c-d0fa-48bb-a8dd-012b5b7f5a67: msal:loginSuccess @ https://myapps.microsoft.com/bundle/main.765b8a0d.js:1
[    2858ms] [LOG] [Wed, 27 May 2026 16:55:25 GMT] : @azure/msal-browser@2.37.1 : Info - @iamexperiences/feature-auth, message: getMsalAuth: storing latest account to browser storage @ https://myapps.microsoft.com/bundle/main.765b8a0d.js:1
[    2858ms] [LOG] [Wed, 27 May 2026 16:55:25 GMT] : @azure/msal-browser@2.37.1 : Info - @iamexperiences/feature-auth, message: getMsalAuth: Track new active account 456213cf-7073-47c6-bf49-41b654ad449b, 
          eventType: msal:loginSuccess, interactionType: redirect @ https://myapps.microsoft.com/bundle/main.765b8a0d.js:1
[    2859ms] [LOG] [Wed, 27 May 2026 16:55:25 GMT] : @azure/msal-browser@2.37.1 : Verbose - setActiveAccount: Active account set @ https://myapps.microsoft.com/bundle/main.765b8a0d.js:1
[    2859ms] [LOG] [Wed, 27 May 2026 16:55:25 GMT] : @azure/msal-browser@2.37.1 : Verbose - Emitting event to callback c7e2bf09-999d-4c7b-951b-0bfe99d096ed: msal:loginSuccess @ https://myapps.microsoft.com/bundle/main.765b8a0d.js:1
[    2859ms] [LOG] [Wed, 27 May 2026 16:55:25 GMT] : @azure/msal-browser@2.37.1 : Verbose - getAllAccounts called @ https://myapps.microsoft.com/bundle/main.765b8a0d.js:1
[    2859ms] [LOG] [Wed, 27 May 2026 16:55:25 GMT] : @azure/msal-common@13.1.0 : Info - CacheManager:getIdToken - Returning id token @ https://myapps.microsoft.com/bundle/main.765b8a0d.js:1
[    2859ms] [LOG] [Wed, 27 May 2026 16:55:25 GMT] : @azure/msal-browser@2.37.1 : Info - @iamexperiences/feature-auth, message: rendering AuthenticatedTemplate @ https://myapps.microsoft.com/bundle/main.765b8a0d.js:1
[    2860ms] [LOG] [Wed, 27 May 2026 16:55:25 GMT] : @azure/msal-browser@2.37.1 : Info - @iamexperiences/feature-auth, message: rendering useAuthLoginViaHints @ https://myapps.microsoft.com/bundle/main.765b8a0d.js:1
[    2860ms] [LOG] [Wed, 27 May 2026 16:55:25 GMT] : @azure/msal-browser@2.37.1 : Verbose - handleRedirectResponse returned result, login success @ https://myapps.microsoft.com/bundle/main.765b8a0d.js:1
[    2860ms] [LOG] [Wed, 27 May 2026 16:55:25 GMT] : @azure/msal-browser@2.37.1 : Info - Emitting event: msal:handleRedirectEnd @ https://myapps.microsoft.com/bundle/main.765b8a0d.js:1
[    2860ms] [LOG] [Wed, 27 May 2026 16:55:25 GMT] : @azure/msal-browser@2.37.1 : Verbose - Emitting event to callback 35b70c3c-d0fa-48bb-a8dd-012b5b7f5a67: msal:handleRedirectEnd @ https://myapps.microsoft.com/bundle/main.765b8a0d.js:1
[    2860ms] [LOG] [Wed, 27 May 2026 16:55:25 GMT] : @azure/msal-browser@2.37.1 : Verbose - Emitting event to callback c7e2bf09-999d-4c7b-951b-0bfe99d096ed: msal:handleRedirectEnd @ https://myapps.microsoft.com/bundle/main.765b8a0d.js:1
[    2860ms] [LOG] [Wed, 27 May 2026 16:55:25 GMT] : @azure/msal-react@1.5.8 : Info - MsalProvider - msal:handleRedirectEnd results in setting inProgress from handleRedirect to none @ https://myapps.microsoft.com/bundle/main.765b8a0d.js:1
[    2861ms] [LOG] [Wed, 27 May 2026 16:55:25 GMT] : @azure/msal-browser@2.37.1 : Verbose - getAllAccounts called @ https://myapps.microsoft.com/bundle/main.765b8a0d.js:1
[    2861ms] [LOG] [Wed, 27 May 2026 16:55:25 GMT] : @azure/msal-common@13.1.0 : Info - CacheManager:getIdToken - Returning id token @ https://myapps.microsoft.com/bundle/main.765b8a0d.js:1
[    2861ms] [LOG] [Wed, 27 May 2026 16:55:25 GMT] : @azure/msal-browser@2.37.1 : Info - @iamexperiences/feature-auth, message: rendering AuthenticatedTemplate @ https://myapps.microsoft.com/bundle/main.765b8a0d.js:1
[    2861ms] [LOG] [Wed, 27 May 2026 16:55:25 GMT] : @azure/msal-browser@2.37.1 : Info - @iamexperiences/feature-auth, message: rendering useAuthLoginViaHints @ https://myapps.microsoft.com/bundle/main.765b8a0d.js:1
[    2862ms] [LOG] [Wed, 27 May 2026 16:55:25 GMT] : @azure/msal-browser@2.37.1 : Info - @iamexperiences/feature-auth, message: AuthenticatedTemplate: willStartLoginFlowExplicitly: false @ https://myapps.microsoft.com/bundle/main.765b8a0d.js:1
[    2862ms] [LOG] [Wed, 27 May 2026 16:55:25 GMT] : @azure/msal-browser@2.37.1 : Verbose - getAllAccounts called @ https://myapps.microsoft.com/bundle/main.765b8a0d.js:1
[    2862ms] [LOG] [Wed, 27 May 2026 16:55:25 GMT] : @azure/msal-common@13.1.0 : Info - CacheManager:getIdToken - Returning id token @ https://myapps.microsoft.com/bundle/main.765b8a0d.js:1
[    2862ms] [LOG] [Wed, 27 May 2026 16:55:25 GMT] : @azure/msal-common@13.1.0 : Info - CacheManager:getIdToken - Returning id token @ https://myapps.microsoft.com/bundle/main.765b8a0d.js:1
[    2863ms] [LOG] [Wed, 27 May 2026 16:55:25 GMT] : @azure/msal-browser@2.37.1 : Info - @iamexperiences/feature-auth, message: AuthenticatedTemplate: rendering MSALAuthenticationTemplate {"authority":"https://login.microsoftonline.com/456213cf-7073-47c6-bf49-41b654ad449b/"} @ https://myapps.microsoft.com/bundle/main.765b8a0d.js:1
[    2864ms] [LOG] [Wed, 27 May 2026 16:55:25 GMT] : @azure/msal-common@13.1.0 : Info - CacheManager:getIdToken - Returning id token @ https://myapps.microsoft.com/bundle/main.765b8a0d.js:1
[    2908ms] [LOG] [Wed, 27 May 2026 16:55:25 GMT] : @azure/msal-browser@2.37.1 : Info - @iamexperiences/feature-auth, message: getMsalAuth: calling acquireToken method. Enqueuing acquireTokenHelper call for: {"scopes":["https://graph.microsoft.com"]} @ https://myapps.microsoft.com/bundle/main.765b8a0d.js:1
[    2909ms] [LOG] [Wed, 27 May 2026 16:55:25 GMT] : @azure/msal-common@13.1.0 : Info - CacheManager:getIdToken - Returning id token @ https://myapps.microsoft.com/bundle/main.765b8a0d.js:1
[    2909ms] [LOG] [Wed, 27 May 2026 16:55:25 GMT] : @azure/msal-browser@2.37.1 : Info - @iamexperiences/feature-auth, message: getMsalAuth: calling acquireTokenHelper method {"authority":"https://login.microsoftonline.com/456213cf-7073-47c6-bf49-41b654ad449b/","scopes":["https://graph.microsoft.com/.default"],"redirectUri":"https://myapps.microsoft.com/blank.html"} @ https://myapps.microsoft.com/bundle/main.765b8a0d.js:1
[    2910ms] [LOG] [Wed, 27 May 2026 16:55:25 GMT] : @azure/msal-browser@2.37.1 : Verbose - preflightBrowserEnvironmentCheck started @ https://myapps.microsoft.com/bundle/main.765b8a0d.js:1
[    2910ms] [LOG] [Wed, 27 May 2026 16:55:25 GMT] : [eac5a7d1-4163-4078-a965-a0c0a19386c5] : @azure/msal-browser@2.37.1 : Verbose - acquireTokenSilent called @ https://myapps.microsoft.com/bundle/main.765b8a0d.js:1
[    2910ms] [LOG] [Wed, 27 May 2026 16:55:25 GMT] : @azure/msal-common@13.1.0 : Info - CacheManager:getIdToken - Returning id token @ https://myapps.microsoft.com/bundle/main.765b8a0d.js:1
[    2910ms] [LOG] [Wed, 27 May 2026 16:55:25 GMT] : [eac5a7d1-4163-4078-a965-a0c0a19386c5] : @azure/msal-browser@2.37.1 : Verbose - acquireTokenSilent called for the first time, storing active request @ https://myapps.microsoft.com/bundle/main.765b8a0d.js:1
[    2911ms] [LOG] [Wed, 27 May 2026 16:55:25 GMT] : @azure/msal-browser@2.37.1 : Info - Emitting event: msal:acquireTokenStart @ https://myapps.microsoft.com/bundle/main.765b8a0d.js:1
[    2911ms] [LOG] [Wed, 27 May 2026 16:55:25 GMT] : @azure/msal-browser@2.37.1 : Verbose - Emitting event to callback 35b70c3c-d0fa-48bb-a8dd-012b5b7f5a67: msal:acquireTokenStart @ https://myapps.microsoft.com/bundle/main.765b8a0d.js:1
[    2911ms] [LOG] [Wed, 27 May 2026 16:55:25 GMT] : @azure/msal-browser@2.37.1 : Verbose - Emitting event to callback c7e2bf09-999d-4c7b-951b-0bfe99d096ed: msal:acquireTokenStart @ https://myapps.microsoft.com/bundle/main.765b8a0d.js:1
[    2911ms] [LOG] [Wed, 27 May 2026 16:55:25 GMT] : @azure/msal-browser@2.37.1 : Verbose - acquireTokenSilent - attempting to acquire token from web flow @ https://myapps.microsoft.com/bundle/main.765b8a0d.js:1
[    2911ms] [LOG] [Wed, 27 May 2026 16:55:25 GMT] : [eac5a7d1-4163-4078-a965-a0c0a19386c5] : msal.js.browser@2.37.1 : Verbose - Initializing BaseAuthRequest @ https://myapps.microsoft.com/bundle/main.765b8a0d.js:1
[    2911ms] [LOG] [Wed, 27 May 2026 16:55:25 GMT] : [eac5a7d1-4163-4078-a965-a0c0a19386c5] : msal.js.browser@2.37.1 : Verbose - getDiscoveredAuthority called @ https://myapps.microsoft.com/bundle/main.765b8a0d.js:1
[    2911ms] [LOG] [Wed, 27 May 2026 16:55:25 GMT] : [eac5a7d1-4163-4078-a965-a0c0a19386c5] : msal.js.browser@2.37.1 : Verbose - Creating discovered authority with configured authority @ https://myapps.microsoft.com/bundle/main.765b8a0d.js:1
[    2912ms] [LOG] [Wed, 27 May 2026 16:55:25 GMT] : [eac5a7d1-4163-4078-a965-a0c0a19386c5] : msal.js.browser@2.37.1 : Verbose - Attempting to get cloud discovery metadata in the config @ https://myapps.microsoft.com/bundle/main.765b8a0d.js:1
[    2912ms] [LOG] [Wed, 27 May 2026 16:55:25 GMT] : [eac5a7d1-4163-4078-a965-a0c0a19386c5] : msal.js.browser@2.37.1 : Verbose - Did not find cloud discovery metadata in the config... Attempting to get cloud discovery metadata from the cache. @ https://myapps.microsoft.com/bundle/main.765b8a0d.js:1
[    2912ms] [LOG] [Wed, 27 May 2026 16:55:25 GMT] : [eac5a7d1-4163-4078-a965-a0c0a19386c5] : msal.js.browser@2.37.1 : Verbose - Found metadata in the cache. @ https://myapps.microsoft.com/bundle/main.765b8a0d.js:1
[    2912ms] [LOG] [Wed, 27 May 2026 16:55:25 GMT] : @azure/msal-browser@2.37.1 : Info - @iamexperiences/feature-auth, message: getMsalAuth: calling acquireToken method. Enqueuing acquireTokenHelper call for: {"scopes":["https://graph.microsoft.com"]} @ https://myapps.microsoft.com/bundle/main.765b8a0d.js:1
[    2912ms] [LOG] [Wed, 27 May 2026 16:55:25 GMT] : @azure/msal-browser@2.37.1 : Info - @iamexperiences/feature-auth, message: getMsalAuth: calling acquireToken method. Enqueuing acquireTokenHelper call for: {"scopes":["https://graph.microsoft.com"]} @ https://myapps.microsoft.com/bundle/main.765b8a0d.js:1
[    2913ms] [LOG] [Wed, 27 May 2026 16:55:25 GMT] : @azure/msal-browser@2.37.1 : Info - @iamexperiences/feature-auth, message: getMsalAuth: calling acquireToken method. Enqueuing acquireTokenHelper call for: {"scopes":["https://webshell.suite.office.com"]} @ https://myapps.microsoft.com/bundle/main.765b8a0d.js:1
[    2914ms] [LOG] [Wed, 27 May 2026 16:55:25 GMT] : @azure/msal-browser@2.37.1 : Info - @iamexperiences/feature-auth, message: getMsalAuth: calling acquireToken method. Enqueuing acquireTokenHelper call for: {"scopes":["https://graph.microsoft.com/CrossTenantInformation.ReadBasic.All"]} @ https://myapps.microsoft.com/bundle/main.765b8a0d.js:1
[    2916ms] [LOG] [Wed, 27 May 2026 16:55:25 GMT] : @azure/msal-browser@2.37.1 : Info - @iamexperiences/feature-auth, message: getMsalAuth: calling acquireToken method. Enqueuing acquireTokenHelper call for: {"scopes":["2793995e-0a7d-40d7-bd35-6968ba142197"]} @ https://myapps.microsoft.com/bundle/main.765b8a0d.js:1
[    2917ms] [LOG] [Wed, 27 May 2026 16:55:25 GMT] : @azure/msal-browser@2.37.1 : Info - @iamexperiences/feature-auth, message: getMsalAuth: calling acquireToken method. Enqueuing acquireTokenHelper call for: {"scopes":["2793995e-0a7d-40d7-bd35-6968ba142197"]} @ https://myapps.microsoft.com/bundle/main.765b8a0d.js:1
[    2917ms] [LOG] [Wed, 27 May 2026 16:55:25 GMT] : @azure/msal-browser@2.37.1 : Info - @iamexperiences/feature-auth, message: getMsalAuth: calling acquireToken method. Enqueuing acquireTokenHelper call for: {"scopes":["2793995e-0a7d-40d7-bd35-6968ba142197"]} @ https://myapps.microsoft.com/bundle/main.765b8a0d.js:1
[    2918ms] [LOG] [Wed, 27 May 2026 16:55:25 GMT] : @azure/msal-browser@2.37.1 : Info - @iamexperiences/feature-auth, message: getMsalAuth: calling acquireToken method. Enqueuing acquireTokenHelper call for: {"scopes":["2793995e-0a7d-40d7-bd35-6968ba142197"]} @ https://myapps.microsoft.com/bundle/main.765b8a0d.js:1
[    2919ms] [LOG] [Wed, 27 May 2026 16:55:25 GMT] : @azure/msal-browser@2.37.1 : Info - @iamexperiences/feature-auth, message: getMsalAuth: calling acquireToken method. Enqueuing acquireTokenHelper call for: {"scopes":["https://graph.microsoft.com"]} @ https://myapps.microsoft.com/bundle/main.765b8a0d.js:1
[    2919ms] [LOG] [Wed, 27 May 2026 16:55:25 GMT] : @azure/msal-browser@2.37.1 : Info - @iamexperiences/feature-auth, message: getMsalAuth: calling acquireToken method. Enqueuing acquireTokenHelper call for: {"scopes":["8c59ead7-d703-4a27-9e55-c96a0054c8d2"]} @ https://myapps.microsoft.com/bundle/main.765b8a0d.js:1
[    2920ms] [LOG] [Wed, 27 May 2026 16:55:25 GMT] : @azure/msal-browser@2.37.1 : Info - @iamexperiences/feature-auth, message: getMsalAuth: calling acquireToken method. Enqueuing acquireTokenHelper call for: {"scopes":["https://graph.microsoft.com"]} @ https://myapps.microsoft.com/bundle/main.765b8a0d.js:1
[    2920ms] [LOG] [Wed, 27 May 2026 16:55:25 GMT] : @azure/msal-browser@2.37.1 : Info - @iamexperiences/feature-auth, message: getMsalAuth: calling acquireToken method. Enqueuing acquireTokenHelper call for: {"scopes":["https://graph.microsoft.com"]} @ https://myapps.microsoft.com/bundle/main.765b8a0d.js:1
[    2920ms] [LOG] [Wed, 27 May 2026 16:55:25 GMT] : @azure/msal-browser@2.37.1 : Info - @iamexperiences/feature-auth, message: getMsalAuth: calling acquireToken method. Enqueuing acquireTokenHelper call for: {"scopes":["https://graph.microsoft.com/AgentIdentity.Read.All"]} @ https://myapps.microsoft.com/bundle/main.765b8a0d.js:1
[    2921ms] [LOG] [Wed, 27 May 2026 16:55:25 GMT] : @azure/msal-browser@2.37.1 : Info - @iamexperiences/feature-auth, message: getMsalAuth: calling acquireToken method. Enqueuing acquireTokenHelper call for: {"scopes":["https://graph.microsoft.com/AgentIdentity.Read.All"]} @ https://myapps.microsoft.com/bundle/main.765b8a0d.js:1
[    2924ms] [WARNING] Two extensions have same priority #3 - SystemPropertiesCollector, SystemPropertiesCollector @ https://myapps.microsoft.com/bundle/microsoft.637176df.js:0
[    2927ms] [LOG] [Wed, 27 May 2026 16:55:25 GMT] : @azure/msal-common@13.1.0 : Info - CacheManager:getIdToken - Returning id token @ https://myapps.microsoft.com/bundle/main.765b8a0d.js:1
[    2927ms] [LOG] [Wed, 27 May 2026 16:55:25 GMT] : @azure/msal-browser@2.37.1 : Verbose - Event callback registered with id: 5a7d7d61-2464-4db7-989a-01a3299a560d @ https://myapps.microsoft.com/bundle/main.765b8a0d.js:1
[    2927ms] [LOG] [Wed, 27 May 2026 16:55:25 GMT] : @azure/msal-react@1.5.8 : Verbose - useMsalAuthentication - Registered event callback with id: 5a7d7d61-2464-4db7-989a-01a3299a560d @ https://myapps.microsoft.com/bundle/main.765b8a0d.js:1
[    2927ms] [LOG] [Wed, 27 May 2026 16:55:25 GMT] : @azure/msal-react@1.5.8 : Info - useMsalAuthentication - User is authenticated, attempting to acquire token @ https://myapps.microsoft.com/bundle/main.765b8a0d.js:1
[    2927ms] [LOG] [Wed, 27 May 2026 16:55:25 GMT] : @azure/msal-react@1.5.8 : Verbose - useMsalAuthentication - Calling acquireTokenSilent @ https://myapps.microsoft.com/bundle/main.765b8a0d.js:1
[    2927ms] [LOG] [Wed, 27 May 2026 16:55:25 GMT] : @azure/msal-browser@2.37.1 : Info - @iamexperiences/feature-auth, message: getMsalAuth: Calling proxy version of pbca.acquireTokenSilent. 
        Enqueuing call to original pbca.acquireTokenSilent. Request: ["openid","profile","offline_access"] @ https://myapps.microsoft.com/bundle/main.765b8a0d.js:1
[    2928ms] [LOG] [Wed, 27 May 2026 16:55:25 GMT] : @azure/msal-browser@2.37.1 : Verbose - getAllAccounts called @ https://myapps.microsoft.com/bundle/main.765b8a0d.js:1
[    2928ms] [LOG] [Wed, 27 May 2026 16:55:25 GMT] : @azure/msal-common@13.1.0 : Info - CacheManager:getIdToken - Returning id token @ https://myapps.microsoft.com/bundle/main.765b8a0d.js:1
[    2949ms] [LOG] [Wed, 27 May 2026 16:55:25 GMT] : @azure/msal-browser@2.37.1 : Verbose - Emitting event to callback 5a7d7d61-2464-4db7-989a-01a3299a560d: msal:handleRedirectEnd @ https://myapps.microsoft.com/bundle/main.765b8a0d.js:1
[    2950ms] [LOG] [Wed, 27 May 2026 16:55:25 GMT] : @azure/msal-browser@2.37.1 : Verbose - getAllAccounts called @ https://myapps.microsoft.com/bundle/main.765b8a0d.js:1
[    2950ms] [LOG] [Wed, 27 May 2026 16:55:25 GMT] : @azure/msal-common@13.1.0 : Info - CacheManager:getIdToken - Returning id token @ https://myapps.microsoft.com/bundle/main.765b8a0d.js:1
[    2950ms] [LOG] [Wed, 27 May 2026 16:55:25 GMT] : [eac5a7d1-4163-4078-a965-a0c0a19386c5] : msal.js.browser@2.37.1 : Verbose - Authentication Scheme wasn't explicitly set in request, defaulting to "Bearer" request @ https://myapps.microsoft.com/bundle/main.765b8a0d.js:1
[    2950ms] [LOG] [Wed, 27 May 2026 16:55:25 GMT] : [eac5a7d1-4163-4078-a965-a0c0a19386c5] : msal.js.browser@2.37.1 : Verbose - initializeServerTelemetryManager called @ https://myapps.microsoft.com/bundle/main.765b8a0d.js:1
[    2950ms] [LOG] [Wed, 27 May 2026 16:55:25 GMT] : [eac5a7d1-4163-4078-a965-a0c0a19386c5] : msal.js.browser@2.37.1 : Verbose - getClientConfiguration called @ https://myapps.microsoft.com/bundle/main.765b8a0d.js:1
[    2950ms] [LOG] [Wed, 27 May 2026 16:55:25 GMT] : [eac5a7d1-4163-4078-a965-a0c0a19386c5] : msal.js.browser@2.37.1 : Verbose - getDiscoveredAuthority called @ https://myapps.microsoft.com/bundle/main.765b8a0d.js:1
[    2951ms] [LOG] [Wed, 27 May 2026 16:55:25 GMT] : [eac5a7d1-4163-4078-a965-a0c0a19386c5] : msal.js.browser@2.37.1 : Verbose - Creating discovered authority with configured authority @ https://myapps.microsoft.com/bundle/main.765b8a0d.js:1
[    2951ms] [LOG] [Wed, 27 May 2026 16:55:25 GMT] : [eac5a7d1-4163-4078-a965-a0c0a19386c5] : msal.js.browser@2.37.1 : Verbose - Attempting to get cloud discovery metadata in the config @ https://myapps.microsoft.com/bundle/main.765b8a0d.js:1
[    2951ms] [LOG] [Wed, 27 May 2026 16:55:25 GMT] : [eac5a7d1-4163-4078-a965-a0c0a19386c5] : msal.js.browser@2.37.1 : Verbose - Did not find cloud discovery metadata in the config... Attempting to get cloud discovery metadata from the cache. @ https://myapps.microsoft.com/bundle/main.765b8a0d.js:1
[    2951ms] [LOG] [Wed, 27 May 2026 16:55:25 GMT] : [eac5a7d1-4163-4078-a965-a0c0a19386c5] : msal.js.browser@2.37.1 : Verbose - Found metadata in the cache. @ https://myapps.microsoft.com/bundle/main.765b8a0d.js:1
[    2951ms] [LOG] [Wed, 27 May 2026 16:55:25 GMT] : [eac5a7d1-4163-4078-a965-a0c0a19386c5] : msal.js.browser@2.37.1 : Verbose - Silent auth client created @ https://myapps.microsoft.com/bundle/main.765b8a0d.js:1
[    2951ms] [LOG] [Wed, 27 May 2026 16:55:25 GMT] : @azure/msal-common@13.1.0 : Info - CacheManager:getIdToken - Returning id token @ https://myapps.microsoft.com/bundle/main.765b8a0d.js:1
[    2951ms] [LOG] [Wed, 27 May 2026 16:55:25 GMT] : @azure/msal-common@13.1.0 : Info - CacheManager:getAccessToken - No token found @ https://myapps.microsoft.com/bundle/main.765b8a0d.js:1
[    2952ms] [LOG] [Wed, 27 May 2026 16:55:25 GMT] : @azure/msal-common@13.1.0 : Info - CacheManager:getRefreshToken - returning refresh token @ https://myapps.microsoft.com/bundle/main.765b8a0d.js:1
[    2952ms] [LOG] [Wed, 27 May 2026 16:55:25 GMT] : [eac5a7d1-4163-4078-a965-a0c0a19386c5] : @azure/msal-common@13.1.0 : Info - SilentFlowClient:acquireCachedToken - No access token found in cache for the given properties. @ https://myapps.microsoft.com/bundle/main.765b8a0d.js:1
[    2952ms] [LOG] [Wed, 27 May 2026 16:55:25 GMT] : @azure/msal-browser@2.37.1 : Info - Emitting event: msal:acquireTokenFromNetworkStart @ https://myapps.microsoft.com/bundle/main.765b8a0d.js:1
[    2953ms] [LOG] [Wed, 27 May 2026 16:55:25 GMT] : @azure/msal-browser@2.37.1 : Verbose - Emitting event to callback 35b70c3c-d0fa-48bb-a8dd-012b5b7f5a67: msal:acquireTokenFromNetworkStart @ https://myapps.microsoft.com/bundle/main.765b8a0d.js:1
[    2953ms] [LOG] [Wed, 27 May 2026 16:55:25 GMT] : @azure/msal-browser@2.37.1 : Verbose - Emitting event to callback c7e2bf09-999d-4c7b-951b-0bfe99d096ed: msal:acquireTokenFromNetworkStart @ https://myapps.microsoft.com/bundle/main.765b8a0d.js:1
[    2953ms] [LOG] [Wed, 27 May 2026 16:55:25 GMT] : @azure/msal-browser@2.37.1 : Verbose - getAllAccounts called @ https://myapps.microsoft.com/bundle/main.765b8a0d.js:1
[    2953ms] [LOG] [Wed, 27 May 2026 16:55:25 GMT] : @azure/msal-common@13.1.0 : Info - CacheManager:getIdToken - Returning id token @ https://myapps.microsoft.com/bundle/main.765b8a0d.js:1
[    2953ms] [LOG] [Wed, 27 May 2026 16:55:25 GMT] : @azure/msal-browser@2.37.1 : Verbose - Emitting event to callback 5a7d7d61-2464-4db7-989a-01a3299a560d: msal:acquireTokenFromNetworkStart @ https://myapps.microsoft.com/bundle/main.765b8a0d.js:1
[    2954ms] [LOG] [Wed, 27 May 2026 16:55:25 GMT] : [eac5a7d1-4163-4078-a965-a0c0a19386c5] : msal.js.browser@2.37.1 : Verbose - Initializing BaseAuthRequest @ https://myapps.microsoft.com/bundle/main.765b8a0d.js:1
[    2954ms] [LOG] [Wed, 27 May 2026 16:55:25 GMT] : [eac5a7d1-4163-4078-a965-a0c0a19386c5] : msal.js.browser@2.37.1 : Verbose - getDiscoveredAuthority called @ https://myapps.microsoft.com/bundle/main.765b8a0d.js:1
[    2954ms] [LOG] [Wed, 27 May 2026 16:55:25 GMT] : [eac5a7d1-4163-4078-a965-a0c0a19386c5] : msal.js.browser@2.37.1 : Verbose - Creating discovered authority with configured authority @ https://myapps.microsoft.com/bundle/main.765b8a0d.js:1
[    2954ms] [LOG] [Wed, 27 May 2026 16:55:25 GMT] : [eac5a7d1-4163-4078-a965-a0c0a19386c5] : msal.js.browser@2.37.1 : Verbose - Attempting to get cloud discovery metadata in the config @ https://myapps.microsoft.com/bundle/main.765b8a0d.js:1
[    2954ms] [LOG] [Wed, 27 May 2026 16:55:25 GMT] : [eac5a7d1-4163-4078-a965-a0c0a19386c5] : msal.js.browser@2.37.1 : Verbose - Did not find cloud discovery metadata in the config... Attempting to get cloud discovery metadata from the cache. @ https://myapps.microsoft.com/bundle/main.765b8a0d.js:1
[    2954ms] [LOG] [Wed, 27 May 2026 16:55:25 GMT] : [eac5a7d1-4163-4078-a965-a0c0a19386c5] : msal.js.browser@2.37.1 : Verbose - Found metadata in the cache. @ https://myapps.microsoft.com/bundle/main.765b8a0d.js:1
[    2954ms] [LOG] [Wed, 27 May 2026 16:55:25 GMT] : [eac5a7d1-4163-4078-a965-a0c0a19386c5] : msal.js.browser@2.37.1 : Verbose - Authentication Scheme set to "Bearer" as configured in Auth request @ https://myapps.microsoft.com/bundle/main.765b8a0d.js:1
[    2954ms] [LOG] [Wed, 27 May 2026 16:55:25 GMT] : [eac5a7d1-4163-4078-a965-a0c0a19386c5] : msal.js.browser@2.37.1 : Verbose - initializeServerTelemetryManager called @ https://myapps.microsoft.com/bundle/main.765b8a0d.js:1
[    2954ms] [LOG] [Wed, 27 May 2026 16:55:25 GMT] : [eac5a7d1-4163-4078-a965-a0c0a19386c5] : msal.js.browser@2.37.1 : Verbose - getClientConfiguration called @ https://myapps.microsoft.com/bundle/main.765b8a0d.js:1
[    2954ms] [LOG] [Wed, 27 May 2026 16:55:25 GMT] : [eac5a7d1-4163-4078-a965-a0c0a19386c5] : msal.js.browser@2.37.1 : Verbose - getDiscoveredAuthority called @ https://myapps.microsoft.com/bundle/main.765b8a0d.js:1
[    2954ms] [LOG] [Wed, 27 May 2026 16:55:25 GMT] : [eac5a7d1-4163-4078-a965-a0c0a19386c5] : msal.js.browser@2.37.1 : Verbose - Creating discovered authority with configured authority @ https://myapps.microsoft.com/bundle/main.765b8a0d.js:1
[    2954ms] [LOG] [Wed, 27 May 2026 16:55:25 GMT] : [eac5a7d1-4163-4078-a965-a0c0a19386c5] : msal.js.browser@2.37.1 : Verbose - Attempting to get cloud discovery metadata in the config @ https://myapps.microsoft.com/bundle/main.765b8a0d.js:1
[    2954ms] [LOG] [Wed, 27 May 2026 16:55:25 GMT] : [eac5a7d1-4163-4078-a965-a0c0a19386c5] : msal.js.browser@2.37.1 : Verbose - Did not find cloud discovery metadata in the config... Attempting to get cloud discovery metadata from the cache. @ https://myapps.microsoft.com/bundle/main.765b8a0d.js:1
[    2954ms] [LOG] [Wed, 27 May 2026 16:55:25 GMT] : [eac5a7d1-4163-4078-a965-a0c0a19386c5] : msal.js.browser@2.37.1 : Verbose - Found metadata in the cache. @ https://myapps.microsoft.com/bundle/main.765b8a0d.js:1
[    2954ms] [LOG] [Wed, 27 May 2026 16:55:25 GMT] : [eac5a7d1-4163-4078-a965-a0c0a19386c5] : msal.js.browser@2.37.1 : Verbose - Refresh token client created @ https://myapps.microsoft.com/bundle/main.765b8a0d.js:1
[    2954ms] [LOG] [Wed, 27 May 2026 16:55:25 GMT] : [eac5a7d1-4163-4078-a965-a0c0a19386c5] : @azure/msal-common@13.1.0 : Verbose - RefreshTokenClientAcquireTokenWithCachedRefreshToken called @ https://myapps.microsoft.com/bundle/main.765b8a0d.js:1
[    2955ms] [LOG] [Wed, 27 May 2026 16:55:25 GMT] : @azure/msal-common@13.1.0 : Info - CacheManager:getRefreshToken - returning refresh token @ https://myapps.microsoft.com/bundle/main.765b8a0d.js:1
[    2955ms] [LOG] [Wed, 27 May 2026 16:55:25 GMT] : [eac5a7d1-4163-4078-a965-a0c0a19386c5] : @azure/msal-common@13.1.0 : Verbose - RefreshTokenClientAcquireToken called @ https://myapps.microsoft.com/bundle/main.765b8a0d.js:1
[    3198ms] [LOG] [Wed, 27 May 2026 16:55:25 GMT] : @azure/msal-browser@2.37.1 : Verbose - BrowserCacheManager.addAccountKeyToMap account key already exists in map @ https://myapps.microsoft.com/bundle/main.765b8a0d.js:1
[    3199ms] [LOG] [Wed, 27 May 2026 16:55:25 GMT] : @azure/msal-browser@2.37.1 : Info - BrowserCacheManager: addTokenKey - accessToken added to map @ https://myapps.microsoft.com/bundle/main.765b8a0d.js:1
[    3199ms] [LOG] [Wed, 27 May 2026 16:55:25 GMT] : @azure/msal-browser@2.37.1 : Info - Emitting event: msal:acquireTokenSuccess @ https://myapps.microsoft.com/bundle/main.765b8a0d.js:1
[    3200ms] [LOG] [Wed, 27 May 2026 16:55:25 GMT] : @azure/msal-browser@2.37.1 : Verbose - Emitting event to callback 35b70c3c-d0fa-48bb-a8dd-012b5b7f5a67: msal:acquireTokenSuccess @ https://myapps.microsoft.com/bundle/main.765b8a0d.js:1
[    3200ms] [LOG] [Wed, 27 May 2026 16:55:25 GMT] : @azure/msal-browser@2.37.1 : Info - @iamexperiences/feature-auth, message: getMsalAuth: storing latest account to browser storage @ https://myapps.microsoft.com/bundle/main.765b8a0d.js:1
[    3200ms] [LOG] [Wed, 27 May 2026 16:55:25 GMT] : @azure/msal-browser@2.37.1 : Info - @iamexperiences/feature-auth, message: getMsalAuth: Track new active account 456213cf-7073-47c6-bf49-41b654ad449b, 
          eventType: msal:acquireTokenSuccess, interactionType: silent @ https://myapps.microsoft.com/bundle/main.765b8a0d.js:1
[    3200ms] [LOG] [Wed, 27 May 2026 16:55:25 GMT] : @azure/msal-browser@2.37.1 : Verbose - setActiveAccount: Active account set @ https://myapps.microsoft.com/bundle/main.765b8a0d.js:1
[    3200ms] [LOG] [Wed, 27 May 2026 16:55:25 GMT] : @azure/msal-browser@2.37.1 : Verbose - Emitting event to callback c7e2bf09-999d-4c7b-951b-0bfe99d096ed: msal:acquireTokenSuccess @ https://myapps.microsoft.com/bundle/main.765b8a0d.js:1
[    3200ms] [LOG] [Wed, 27 May 2026 16:55:25 GMT] : @azure/msal-browser@2.37.1 : Verbose - getAllAccounts called @ https://myapps.microsoft.com/bundle/main.765b8a0d.js:1
[    3200ms] [LOG] [Wed, 27 May 2026 16:55:25 GMT] : @azure/msal-common@13.1.0 : Info - CacheManager:getIdToken - Returning id token @ https://myapps.microsoft.com/bundle/main.765b8a0d.js:1
[    3201ms] [LOG] [Wed, 27 May 2026 16:55:25 GMT] : @azure/msal-browser@2.37.1 : Verbose - Emitting event to callback 5a7d7d61-2464-4db7-989a-01a3299a560d: msal:acquireTokenSuccess @ https://myapps.microsoft.com/bundle/main.765b8a0d.js:1
[    3201ms] [LOG] [Wed, 27 May 2026 16:55:25 GMT] : [eac5a7d1-4163-4078-a965-a0c0a19386c5] : @azure/msal-browser@2.37.1 : Verbose - PerformanceClient: Emitting performance events @ https://myapps.microsoft.com/bundle/main.765b8a0d.js:1
[    3201ms] [LOG] [Wed, 27 May 2026 16:55:25 GMT] : [eac5a7d1-4163-4078-a965-a0c0a19386c5] : @azure/msal-browser@2.37.1 : Verbose - PerformanceTelemetryReporter: Emitting telemetry for acquireTokenSilent @ https://myapps.microsoft.com/bundle/main.765b8a0d.js:1
[    3201ms] [LOG] [Wed, 27 May 2026 16:55:25 GMT] : @azure/msal-browser@2.37.1 : Verbose - PerformanceTelemetryReporter: Sending acquireTokenSilent for tracking @ https://myapps.microsoft.com/bundle/main.765b8a0d.js:1
[    3202ms] [LOG] [Wed, 27 May 2026 16:55:25 GMT] : @azure/msal-common@13.1.0 : Info - CacheManager:getIdToken - Returning id token @ https://myapps.microsoft.com/bundle/main.765b8a0d.js:1
[    3203ms] [LOG] [Wed, 27 May 2026 16:55:25 GMT] : @azure/msal-browser@2.37.1 : Info - @iamexperiences/feature-auth, message: getMsalAuth: calling acquireTokenHelper method {"authority":"https://login.microsoftonline.com/456213cf-7073-47c6-bf49-41b654ad449b/","scopes":["https://graph.microsoft.com/.default"],"redirectUri":"https://myapps.microsoft.com/blank.html"} @ https://myapps.microsoft.com/bundle/main.765b8a0d.js:1
[    3203ms] [LOG] [Wed, 27 May 2026 16:55:25 GMT] : @azure/msal-browser@2.37.1 : Verbose - preflightBrowserEnvironmentCheck started @ https://myapps.microsoft.com/bundle/main.765b8a0d.js:1
[    3203ms] [LOG] [Wed, 27 May 2026 16:55:25 GMT] : [46961284-eaf5-4b1d-982e-1f2379171898] : @azure/msal-browser@2.37.1 : Verbose - acquireTokenSilent called @ https://myapps.microsoft.com/bundle/main.765b8a0d.js:1
[    3203ms] [LOG] [Wed, 27 May 2026 16:55:25 GMT] : @azure/msal-common@13.1.0 : Info - CacheManager:getIdToken - Returning id token @ https://myapps.microsoft.com/bundle/main.765b8a0d.js:1
[    3203ms] [LOG] [Wed, 27 May 2026 16:55:25 GMT] : [46961284-eaf5-4b1d-982e-1f2379171898] : @azure/msal-browser@2.37.1 : Verbose - acquireTokenSilent called for the first time, storing active request @ https://myapps.microsoft.com/bundle/main.765b8a0d.js:1
[    3203ms] [LOG] [Wed, 27 May 2026 16:55:25 GMT] : @azure/msal-browser@2.37.1 : Info - Emitting event: msal:acquireTokenStart @ https://myapps.microsoft.com/bundle/main.765b8a0d.js:1
[    3203ms] [LOG] [Wed, 27 May 2026 16:55:25 GMT] : @azure/msal-browser@2.37.1 : Verbose - Emitting event to callback 35b70c3c-d0fa-48bb-a8dd-012b5b7f5a67: msal:acquireTokenStart @ https://myapps.microsoft.com/bundle/main.765b8a0d.js:1
[    3204ms] [LOG] [Wed, 27 May 2026 16:55:25 GMT] : @azure/msal-browser@2.37.1 : Verbose - Emitting event to callback c7e2bf09-999d-4c7b-951b-0bfe99d096ed: msal:acquireTokenStart @ https://myapps.microsoft.com/bundle/main.765b8a0d.js:1
[    3204ms] [LOG] [Wed, 27 May 2026 16:55:25 GMT] : @azure/msal-browser@2.37.1 : Verbose - getAllAccounts called @ https://myapps.microsoft.com/bundle/main.765b8a0d.js:1
[    3204ms] [LOG] [Wed, 27 May 2026 16:55:25 GMT] : @azure/msal-common@13.1.0 : Info - CacheManager:getIdToken - Returning id token @ https://myapps.microsoft.com/bundle/main.765b8a0d.js:1
[    3204ms] [LOG] [Wed, 27 May 2026 16:55:25 GMT] : @azure/msal-browser@2.37.1 : Verbose - Emitting event to callback 5a7d7d61-2464-4db7-989a-01a3299a560d: msal:acquireTokenStart @ https://myapps.microsoft.com/bundle/main.765b8a0d.js:1
[    3204ms] [LOG] [Wed, 27 May 2026 16:55:25 GMT] : @azure/msal-browser@2.37.1 : Verbose - acquireTokenSilent - attempting to acquire token from web flow @ https://myapps.microsoft.com/bundle/main.765b8a0d.js:1
[    3204ms] [LOG] [Wed, 27 May 2026 16:55:25 GMT] : [46961284-eaf5-4b1d-982e-1f2379171898] : msal.js.browser@2.37.1 : Verbose - Initializing BaseAuthRequest @ https://myapps.microsoft.com/bundle/main.765b8a0d.js:1
[    3204ms] [LOG] [Wed, 27 May 2026 16:55:25 GMT] : [46961284-eaf5-4b1d-982e-1f2379171898] : msal.js.browser@2.37.1 : Verbose - getDiscoveredAuthority called @ https://myapps.microsoft.com/bundle/main.765b8a0d.js:1
[    3204ms] [LOG] [Wed, 27 May 2026 16:55:25 GMT] : [46961284-eaf5-4b1d-982e-1f2379171898] : msal.js.browser@2.37.1 : Verbose - Creating discovered authority with configured authority @ https://myapps.microsoft.com/bundle/main.765b8a0d.js:1
[    3204ms] [LOG] [Wed, 27 May 2026 16:55:25 GMT] : [46961284-eaf5-4b1d-982e-1f2379171898] : msal.js.browser@2.37.1 : Verbose - Attempting to get cloud discovery metadata in the config @ https://myapps.microsoft.com/bundle/main.765b8a0d.js:1
[    3204ms] [LOG] [Wed, 27 May 2026 16:55:25 GMT] : [46961284-eaf5-4b1d-982e-1f2379171898] : msal.js.browser@2.37.1 : Verbose - Did not find cloud discovery metadata in the config... Attempting to get cloud discovery metadata from the cache. @ https://myapps.microsoft.com/bundle/main.765b8a0d.js:1
[    3204ms] [LOG] [Wed, 27 May 2026 16:55:25 GMT] : [46961284-eaf5-4b1d-982e-1f2379171898] : msal.js.browser@2.37.1 : Verbose - Found metadata in the cache. @ https://myapps.microsoft.com/bundle/main.765b8a0d.js:1
[    3205ms] [LOG] [Wed, 27 May 2026 16:55:25 GMT] : [46961284-eaf5-4b1d-982e-1f2379171898] : msal.js.browser@2.37.1 : Verbose - Authentication Scheme wasn't explicitly set in request, defaulting to "Bearer" request @ https://myapps.microsoft.com/bundle/main.765b8a0d.js:1
[    3205ms] [LOG] [Wed, 27 May 2026 16:55:25 GMT] : [46961284-eaf5-4b1d-982e-1f2379171898] : msal.js.browser@2.37.1 : Verbose - initializeServerTelemetryManager called @ https://myapps.microsoft.com/bundle/main.765b8a0d.js:1
[    3205ms] [LOG] [Wed, 27 May 2026 16:55:25 GMT] : [46961284-eaf5-4b1d-982e-1f2379171898] : msal.js.browser@2.37.1 : Verbose - getClientConfiguration called @ https://myapps.microsoft.com/bundle/main.765b8a0d.js:1
[    3205ms] [LOG] [Wed, 27 May 2026 16:55:25 GMT] : [46961284-eaf5-4b1d-982e-1f2379171898] : msal.js.browser@2.37.1 : Verbose - getDiscoveredAuthority called @ https://myapps.microsoft.com/bundle/main.765b8a0d.js:1
[    3205ms] [LOG] [Wed, 27 May 2026 16:55:25 GMT] : [46961284-eaf5-4b1d-982e-1f2379171898] : msal.js.browser@2.37.1 : Verbose - Creating discovered authority with configured authority @ https://myapps.microsoft.com/bundle/main.765b8a0d.js:1
[    3205ms] [LOG] [Wed, 27 May 2026 16:55:25 GMT] : [46961284-eaf5-4b1d-982e-1f2379171898] : msal.js.browser@2.37.1 : Verbose - Attempting to get cloud discovery metadata in the config @ https://myapps.microsoft.com/bundle/main.765b8a0d.js:1
[    3205ms] [LOG] [Wed, 27 May 2026 16:55:25 GMT] : [46961284-eaf5-4b1d-982e-1f2379171898] : msal.js.browser@2.37.1 : Verbose - Did not find cloud discovery metadata in the config... Attempting to get cloud discovery metadata from the cache. @ https://myapps.microsoft.com/bundle/main.765b8a0d.js:1
[    3205ms] [LOG] [Wed, 27 May 2026 16:55:25 GMT] : [46961284-eaf5-4b1d-982e-1f2379171898] : msal.js.browser@2.37.1 : Verbose - Found metadata in the cache. @ https://myapps.microsoft.com/bundle/main.765b8a0d.js:1
[    3205ms] [LOG] [Wed, 27 May 2026 16:55:25 GMT] : [46961284-eaf5-4b1d-982e-1f2379171898] : msal.js.browser@2.37.1 : Verbose - Silent auth client created @ https://myapps.microsoft.com/bundle/main.765b8a0d.js:1
[    3205ms] [LOG] [Wed, 27 May 2026 16:55:25 GMT] : @azure/msal-common@13.1.0 : Info - CacheManager:getIdToken - Returning id token @ https://myapps.microsoft.com/bundle/main.765b8a0d.js:1
[    3206ms] [LOG] [Wed, 27 May 2026 16:55:25 GMT] : @azure/msal-common@13.1.0 : Info - CacheManager:getAccessToken - Returning access token @ https://myapps.microsoft.com/bundle/main.765b8a0d.js:1
[    3206ms] [LOG] [Wed, 27 May 2026 16:55:25 GMT] : @azure/msal-common@13.1.0 : Info - CacheManager:getRefreshToken - returning refresh token @ https://myapps.microsoft.com/bundle/main.765b8a0d.js:1
[    3206ms] [LOG] [Wed, 27 May 2026 16:55:25 GMT] : @azure/msal-browser@2.37.1 : Info - Emitting event: msal:acquireTokenSuccess @ https://myapps.microsoft.com/bundle/main.765b8a0d.js:1
[    3207ms] [LOG] [Wed, 27 May 2026 16:55:25 GMT] : @azure/msal-browser@2.37.1 : Verbose - Emitting event to callback 35b70c3c-d0fa-48bb-a8dd-012b5b7f5a67: msal:acquireTokenSuccess @ https://myapps.microsoft.com/bundle/main.765b8a0d.js:1
[    3207ms] [LOG] [Wed, 27 May 2026 16:55:25 GMT] : @azure/msal-browser@2.37.1 : Info - @iamexperiences/feature-auth, message: getMsalAuth: storing latest account to browser storage @ https://myapps.microsoft.com/bundle/main.765b8a0d.js:1
[    3207ms] [LOG] [Wed, 27 May 2026 16:55:25 GMT] : @azure/msal-browser@2.37.1 : Info - @iamexperiences/feature-auth, message: getMsalAuth: Track new active account 456213cf-7073-47c6-bf49-41b654ad449b, 
          eventType: msal:acquireTokenSuccess, interactionType: silent @ https://myapps.microsoft.com/bundle/main.765b8a0d.js:1
[    3207ms] [LOG] [Wed, 27 May 2026 16:55:25 GMT] : @azure/msal-browser@2.37.1 : Verbose - setActiveAccount: Active account set @ https://myapps.microsoft.com/bundle/main.765b8a0d.js:1
[    3207ms] [LOG] [Wed, 27 May 2026 16:55:25 GMT] : @azure/msal-browser@2.37.1 : Verbose - Emitting event to callback c7e2bf09-999d-4c7b-951b-0bfe99d096ed: msal:acquireTokenSuccess @ https://myapps.microsoft.com/bundle/main.765b8a0d.js:1
[    3207ms] [LOG] [Wed, 27 May 2026 16:55:25 GMT] : @azure/msal-browser@2.37.1 : Verbose - getAllAccounts called @ https://myapps.microsoft.com/bundle/main.765b8a0d.js:1
[    3207ms] [LOG] [Wed, 27 May 2026 16:55:25 GMT] : @azure/msal-common@13.1.0 : Info - CacheManager:getIdToken - Returning id token @ https://myapps.microsoft.com/bundle/main.765b8a0d.js:1
[    3207ms] [LOG] [Wed, 27 May 2026 16:55:25 GMT] : @azure/msal-browser@2.37.1 : Verbose - Emitting event to callback 5a7d7d61-2464-4db7-989a-01a3299a560d: msal:acquireTokenSuccess @ https://myapps.microsoft.com/bundle/main.765b8a0d.js:1
[    3207ms] [LOG] [Wed, 27 May 2026 16:55:25 GMT] : [46961284-eaf5-4b1d-982e-1f2379171898] : @azure/msal-browser@2.37.1 : Verbose - PerformanceClient: Emitting performance events @ https://myapps.microsoft.com/bundle/main.765b8a0d.js:1
[    3208ms] [LOG] [Wed, 27 May 2026 16:55:25 GMT] : [46961284-eaf5-4b1d-982e-1f2379171898] : @azure/msal-browser@2.37.1 : Verbose - PerformanceTelemetryReporter: Emitting telemetry for acquireTokenSilent @ https://myapps.microsoft.com/bundle/main.765b8a0d.js:1
[    3208ms] [LOG] [Wed, 27 May 2026 16:55:25 GMT] : @azure/msal-browser@2.37.1 : Verbose - PerformanceTelemetryReporter: Sending acquireTokenSilent for tracking @ https://myapps.microsoft.com/bundle/main.765b8a0d.js:1
[    3208ms] [LOG] [Wed, 27 May 2026 16:55:25 GMT] : @azure/msal-common@13.1.0 : Info - CacheManager:getIdToken - Returning id token @ https://myapps.microsoft.com/bundle/main.765b8a0d.js:1
[    3208ms] [LOG] [Wed, 27 May 2026 16:55:25 GMT] : @azure/msal-browser@2.37.1 : Info - @iamexperiences/feature-auth, message: getMsalAuth: calling acquireTokenHelper method {"authority":"https://login.microsoftonline.com/456213cf-7073-47c6-bf49-41b654ad449b/","scopes":["https://graph.microsoft.com/.default"],"redirectUri":"https://myapps.microsoft.com/blank.html"} @ https://myapps.microsoft.com/bundle/main.765b8a0d.js:1
[    3208ms] [LOG] [Wed, 27 May 2026 16:55:25 GMT] : @azure/msal-browser@2.37.1 : Verbose - preflightBrowserEnvironmentCheck started @ https://myapps.microsoft.com/bundle/main.765b8a0d.js:1
[    3208ms] [LOG] [Wed, 27 May 2026 16:55:25 GMT] : [e02f536e-ebd3-45e2-a635-02bd30cde3f7] : @azure/msal-browser@2.37.1 : Verbose - acquireTokenSilent called @ https://myapps.microsoft.com/bundle/main.765b8a0d.js:1
[    3208ms] [LOG] [Wed, 27 May 2026 16:55:25 GMT] : @azure/msal-common@13.1.0 : Info - CacheManager:getIdToken - Returning id token @ https://myapps.microsoft.com/bundle/main.765b8a0d.js:1
[    3209ms] [LOG] [Wed, 27 May 2026 16:55:25 GMT] : [e02f536e-ebd3-45e2-a635-02bd30cde3f7] : @azure/msal-browser@2.37.1 : Verbose - acquireTokenSilent called for the first time, storing active request @ https://myapps.microsoft.com/bundle/main.765b8a0d.js:1
[    3209ms] [LOG] [Wed, 27 May 2026 16:55:25 GMT] : @azure/msal-browser@2.37.1 : Info - Emitting event: msal:acquireTokenStart @ https://myapps.microsoft.com/bundle/main.765b8a0d.js:1
[    3209ms] [LOG] [Wed, 27 May 2026 16:55:25 GMT] : @azure/msal-browser@2.37.1 : Verbose - Emitting event to callback 35b70c3c-d0fa-48bb-a8dd-012b5b7f5a67: msal:acquireTokenStart @ https://myapps.microsoft.com/bundle/main.765b8a0d.js:1
[    3209ms] [LOG] [Wed, 27 May 2026 16:55:25 GMT] : @azure/msal-browser@2.37.1 : Verbose - Emitting event to callback c7e2bf09-999d-4c7b-951b-0bfe99d096ed: msal:acquireTokenStart @ https://myapps.microsoft.com/bundle/main.765b8a0d.js:1
[    3209ms] [LOG] [Wed, 27 May 2026 16:55:25 GMT] : @azure/msal-browser@2.37.1 : Verbose - getAllAccounts called @ https://myapps.microsoft.com/bundle/main.765b8a0d.js:1
[    3209ms] [LOG] [Wed, 27 May 2026 16:55:25 GMT] : @azure/msal-common@13.1.0 : Info - CacheManager:getIdToken - Returning id token @ https://myapps.microsoft.com/bundle/main.765b8a0d.js:1
[    3209ms] [LOG] [Wed, 27 May 2026 16:55:25 GMT] : @azure/msal-browser@2.37.1 : Verbose - Emitting event to callback 5a7d7d61-2464-4db7-989a-01a3299a560d: msal:acquireTokenStart @ https://myapps.microsoft.com/bundle/main.765b8a0d.js:1
[    3209ms] [LOG] [Wed, 27 May 2026 16:55:25 GMT] : @azure/msal-browser@2.37.1 : Verbose - acquireTokenSilent - attempting to acquire token from web flow @ https://myapps.microsoft.com/bundle/main.765b8a0d.js:1
[    3209ms] [LOG] [Wed, 27 May 2026 16:55:25 GMT] : [e02f536e-ebd3-45e2-a635-02bd30cde3f7] : msal.js.browser@2.37.1 : Verbose - Initializing BaseAuthRequest @ https://myapps.microsoft.com/bundle/main.765b8a0d.js:1
[    3209ms] [LOG] [Wed, 27 May 2026 16:55:25 GMT] : [e02f536e-ebd3-45e2-a635-02bd30cde3f7] : msal.js.browser@2.37.1 : Verbose - getDiscoveredAuthority called @ https://myapps.microsoft.com/bundle/main.765b8a0d.js:1
[    3209ms] [LOG] [Wed, 27 May 2026 16:55:25 GMT] : [e02f536e-ebd3-45e2-a635-02bd30cde3f7] : msal.js.browser@2.37.1 : Verbose - Creating discovered authority with configured authority @ https://myapps.microsoft.com/bundle/main.765b8a0d.js:1
[    3209ms] [LOG] [Wed, 27 May 2026 16:55:25 GMT] : [e02f536e-ebd3-45e2-a635-02bd30cde3f7] : msal.js.browser@2.37.1 : Verbose - Attempting to get cloud discovery metadata in the config @ https://myapps.microsoft.com/bundle/main.765b8a0d.js:1
[    3210ms] [LOG] [Wed, 27 May 2026 16:55:25 GMT] : [e02f536e-ebd3-45e2-a635-02bd30cde3f7] : msal.js.browser@2.37.1 : Verbose - Did not find cloud discovery metadata in the config... Attempting to get cloud discovery metadata from the cache. @ https://myapps.microsoft.com/bundle/main.765b8a0d.js:1
[    3210ms] [LOG] [Wed, 27 May 2026 16:55:25 GMT] : [e02f536e-ebd3-45e2-a635-02bd30cde3f7] : msal.js.browser@2.37.1 : Verbose - Found metadata in the cache. @ https://myapps.microsoft.com/bundle/main.765b8a0d.js:1
[    3210ms] [LOG] [Wed, 27 May 2026 16:55:25 GMT] : [e02f536e-ebd3-45e2-a635-02bd30cde3f7] : msal.js.browser@2.37.1 : Verbose - Authentication Scheme wasn't explicitly set in request, defaulting to "Bearer" request @ https://myapps.microsoft.com/bundle/main.765b8a0d.js:1
[    3210ms] [LOG] [Wed, 27 May 2026 16:55:25 GMT] : [e02f536e-ebd3-45e2-a635-02bd30cde3f7] : msal.js.browser@2.37.1 : Verbose - initializeServerTelemetryManager called @ https://myapps.microsoft.com/bundle/main.765b8a0d.js:1
[    3210ms] [LOG] [Wed, 27 May 2026 16:55:25 GMT] : [e02f536e-ebd3-45e2-a635-02bd30cde3f7] : msal.js.browser@2.37.1 : Verbose - getClientConfiguration called @ https://myapps.microsoft.com/bundle/main.765b8a0d.js:1
[    3210ms] [LOG] [Wed, 27 May 2026 16:55:25 GMT] : [e02f536e-ebd3-45e2-a635-02bd30cde3f7] : msal.js.browser@2.37.1 : Verbose - getDiscoveredAuthority called @ https://myapps.microsoft.com/bundle/main.765b8a0d.js:1
[    3210ms] [LOG] [Wed, 27 May 2026 16:55:25 GMT] : [e02f536e-ebd3-45e2-a635-02bd30cde3f7] : msal.js.browser@2.37.1 : Verbose - Creating discovered authority with configured authority @ https://myapps.microsoft.com/bundle/main.765b8a0d.js:1
[    3210ms] [LOG] [Wed, 27 May 2026 16:55:25 GMT] : [e02f536e-ebd3-45e2-a635-02bd30cde3f7] : msal.js.browser@2.37.1 : Verbose - Attempting to get cloud discovery metadata in the config @ https://myapps.microsoft.com/bundle/main.765b8a0d.js:1
[    3210ms] [LOG] [Wed, 27 May 2026 16:55:25 GMT] : [e02f536e-ebd3-45e2-a635-02bd30cde3f7] : msal.js.browser@2.37.1 : Verbose - Did not find cloud discovery metadata in the config... Attempting to get cloud discovery metadata from the cache. @ https://myapps.microsoft.com/bundle/main.765b8a0d.js:1
[    3210ms] [LOG] [Wed, 27 May 2026 16:55:25 GMT] : [e02f536e-ebd3-45e2-a635-02bd30cde3f7] : msal.js.browser@2.37.1 : Verbose - Found metadata in the cache. @ https://myapps.microsoft.com/bundle/main.765b8a0d.js:1
[    3210ms] [LOG] [Wed, 27 May 2026 16:55:25 GMT] : [e02f536e-ebd3-45e2-a635-02bd30cde3f7] : msal.js.browser@2.37.1 : Verbose - Silent auth client created @ https://myapps.microsoft.com/bundle/main.765b8a0d.js:1
[    3210ms] [LOG] [Wed, 27 May 2026 16:55:25 GMT] : @azure/msal-common@13.1.0 : Info - CacheManager:getIdToken - Returning id token @ https://myapps.microsoft.com/bundle/main.765b8a0d.js:1
[    3211ms] [LOG] [Wed, 27 May 2026 16:55:25 GMT] : @azure/msal-common@13.1.0 : Info - CacheManager:getAccessToken - Returning access token @ https://myapps.microsoft.com/bundle/main.765b8a0d.js:1
[    3211ms] [LOG] [Wed, 27 May 2026 16:55:25 GMT] : @azure/msal-common@13.1.0 : Info - CacheManager:getRefreshToken - returning refresh token @ https://myapps.microsoft.com/bundle/main.765b8a0d.js:1
[    3211ms] [LOG] [Wed, 27 May 2026 16:55:25 GMT] : @azure/msal-browser@2.37.1 : Info - Emitting event: msal:acquireTokenSuccess @ https://myapps.microsoft.com/bundle/main.765b8a0d.js:1
[    3211ms] [LOG] [Wed, 27 May 2026 16:55:25 GMT] : @azure/msal-browser@2.37.1 : Verbose - Emitting event to callback 35b70c3c-d0fa-48bb-a8dd-012b5b7f5a67: msal:acquireTokenSuccess @ https://myapps.microsoft.com/bundle/main.765b8a0d.js:1
[    3211ms] [LOG] [Wed, 27 May 2026 16:55:25 GMT] : @azure/msal-browser@2.37.1 : Info - @iamexperiences/feature-auth, message: getMsalAuth: storing latest account to browser storage @ https://myapps.microsoft.com/bundle/main.765b8a0d.js:1
[    3212ms] [LOG] [Wed, 27 May 2026 16:55:25 GMT] : @azure/msal-browser@2.37.1 : Info - @iamexperiences/feature-auth, message: getMsalAuth: Track new active account 456213cf-7073-47c6-bf49-41b654ad449b, 
          eventType: msal:acquireTokenSuccess, interactionType: silent @ https://myapps.microsoft.com/bundle/main.765b8a0d.js:1
[    3212ms] [LOG] [Wed, 27 May 2026 16:55:25 GMT] : @azure/msal-browser@2.37.1 : Verbose - setActiveAccount: Active account set @ https://myapps.microsoft.com/bundle/main.765b8a0d.js:1
[    3212ms] [LOG] [Wed, 27 May 2026 16:55:25 GMT] : @azure/msal-browser@2.37.1 : Verbose - Emitting event to callback c7e2bf09-999d-4c7b-951b-0bfe99d096ed: msal:acquireTokenSuccess @ https://myapps.microsoft.com/bundle/main.765b8a0d.js:1
[    3212ms] [LOG] [Wed, 27 May 2026 16:55:25 GMT] : @azure/msal-browser@2.37.1 : Verbose - getAllAccounts called @ https://myapps.microsoft.com/bundle/main.765b8a0d.js:1
[    3212ms] [LOG] [Wed, 27 May 2026 16:55:25 GMT] : @azure/msal-common@13.1.0 : Info - CacheManager:getIdToken - Returning id token @ https://myapps.microsoft.com/bundle/main.765b8a0d.js:1
[    3212ms] [LOG] [Wed, 27 May 2026 16:55:25 GMT] : @azure/msal-browser@2.37.1 : Verbose - Emitting event to callback 5a7d7d61-2464-4db7-989a-01a3299a560d: msal:acquireTokenSuccess @ https://myapps.microsoft.com/bundle/main.765b8a0d.js:1
[    3212ms] [LOG] [Wed, 27 May 2026 16:55:25 GMT] : [e02f536e-ebd3-45e2-a635-02bd30cde3f7] : @azure/msal-browser@2.37.1 : Verbose - PerformanceClient: Emitting performance events @ https://myapps.microsoft.com/bundle/main.765b8a0d.js:1
[    3212ms] [LOG] [Wed, 27 May 2026 16:55:25 GMT] : [e02f536e-ebd3-45e2-a635-02bd30cde3f7] : @azure/msal-browser@2.37.1 : Verbose - PerformanceTelemetryReporter: Emitting telemetry for acquireTokenSilent @ https://myapps.microsoft.com/bundle/main.765b8a0d.js:1
[    3212ms] [LOG] [Wed, 27 May 2026 16:55:25 GMT] : @azure/msal-browser@2.37.1 : Verbose - PerformanceTelemetryReporter: Sending acquireTokenSilent for tracking @ https://myapps.microsoft.com/bundle/main.765b8a0d.js:1
[    3212ms] [LOG] [Wed, 27 May 2026 16:55:25 GMT] : @azure/msal-common@13.1.0 : Info - CacheManager:getIdToken - Returning id token @ https://myapps.microsoft.com/bundle/main.765b8a0d.js:1
[    3213ms] [LOG] [Wed, 27 May 2026 16:55:25 GMT] : @azure/msal-browser@2.37.1 : Info - @iamexperiences/feature-auth, message: getMsalAuth: calling acquireTokenHelper method {"authority":"https://login.microsoftonline.com/456213cf-7073-47c6-bf49-41b654ad449b/","scopes":["https://webshell.suite.office.com/.default"],"redirectUri":"https://myapps.microsoft.com/blank.html"} @ https://myapps.microsoft.com/bundle/main.765b8a0d.js:1
[    3213ms] [LOG] [Wed, 27 May 2026 16:55:25 GMT] : @azure/msal-browser@2.37.1 : Verbose - preflightBrowserEnvironmentCheck started @ https://myapps.microsoft.com/bundle/main.765b8a0d.js:1
[    3213ms] [LOG] [Wed, 27 May 2026 16:55:25 GMT] : [4060b5a7-91e7-4824-8e99-3138a75c0c13] : @azure/msal-browser@2.37.1 : Verbose - acquireTokenSilent called @ https://myapps.microsoft.com/bundle/main.765b8a0d.js:1
[    3213ms] [LOG] [Wed, 27 May 2026 16:55:25 GMT] : @azure/msal-common@13.1.0 : Info - CacheManager:getIdToken - Returning id token @ https://myapps.microsoft.com/bundle/main.765b8a0d.js:1
[    3213ms] [LOG] [Wed, 27 May 2026 16:55:25 GMT] : [4060b5a7-91e7-4824-8e99-3138a75c0c13] : @azure/msal-browser@2.37.1 : Verbose - acquireTokenSilent called for the first time, storing active request @ https://myapps.microsoft.com/bundle/main.765b8a0d.js:1
[    3213ms] [LOG] [Wed, 27 May 2026 16:55:25 GMT] : @azure/msal-browser@2.37.1 : Info - Emitting event: msal:acquireTokenStart @ https://myapps.microsoft.com/bundle/main.765b8a0d.js:1
[    3213ms] [LOG] [Wed, 27 May 2026 16:55:25 GMT] : @azure/msal-browser@2.37.1 : Verbose - Emitting event to callback 35b70c3c-d0fa-48bb-a8dd-012b5b7f5a67: msal:acquireTokenStart @ https://myapps.microsoft.com/bundle/main.765b8a0d.js:1
[    3213ms] [LOG] [Wed, 27 May 2026 16:55:25 GMT] : @azure/msal-browser@2.37.1 : Verbose - Emitting event to callback c7e2bf09-999d-4c7b-951b-0bfe99d096ed: msal:acquireTokenStart @ https://myapps.microsoft.com/bundle/main.765b8a0d.js:1
[    3213ms] [LOG] [Wed, 27 May 2026 16:55:25 GMT] : @azure/msal-browser@2.37.1 : Verbose - getAllAccounts called @ https://myapps.microsoft.com/bundle/main.765b8a0d.js:1
[    3214ms] [LOG] [Wed, 27 May 2026 16:55:25 GMT] : @azure/msal-common@13.1.0 : Info - CacheManager:getIdToken - Returning id token @ https://myapps.microsoft.com/bundle/main.765b8a0d.js:1
[    3214ms] [LOG] [Wed, 27 May 2026 16:55:25 GMT] : @azure/msal-browser@2.37.1 : Verbose - Emitting event to callback 5a7d7d61-2464-4db7-989a-01a3299a560d: msal:acquireTokenStart @ https://myapps.microsoft.com/bundle/main.765b8a0d.js:1
[    3214ms] [LOG] [Wed, 27 May 2026 16:55:25 GMT] : @azure/msal-browser@2.37.1 : Verbose - acquireTokenSilent - attempting to acquire token from web flow @ https://myapps.microsoft.com/bundle/main.765b8a0d.js:1
[    3214ms] [LOG] [Wed, 27 May 2026 16:55:25 GMT] : [4060b5a7-91e7-4824-8e99-3138a75c0c13] : msal.js.browser@2.37.1 : Verbose - Initializing BaseAuthRequest @ https://myapps.microsoft.com/bundle/main.765b8a0d.js:1
[    3214ms] [LOG] [Wed, 27 May 2026 16:55:25 GMT] : [4060b5a7-91e7-4824-8e99-3138a75c0c13] : msal.js.browser@2.37.1 : Verbose - getDiscoveredAuthority called @ https://myapps.microsoft.com/bundle/main.765b8a0d.js:1
[    3214ms] [LOG] [Wed, 27 May 2026 16:55:25 GMT] : [4060b5a7-91e7-4824-8e99-3138a75c0c13] : msal.js.browser@2.37.1 : Verbose - Creating discovered authority with configured authority @ https://myapps.microsoft.com/bundle/main.765b8a0d.js:1
[    3214ms] [LOG] [Wed, 27 May 2026 16:55:25 GMT] : [4060b5a7-91e7-4824-8e99-3138a75c0c13] : msal.js.browser@2.37.1 : Verbose - Attempting to get cloud discovery metadata in the config @ https://myapps.microsoft.com/bundle/main.765b8a0d.js:1
[    3214ms] [LOG] [Wed, 27 May 2026 16:55:25 GMT] : [4060b5a7-91e7-4824-8e99-3138a75c0c13] : msal.js.browser@2.37.1 : Verbose - Did not find cloud discovery metadata in the config... Attempting to get cloud discovery metadata from the cache. @ https://myapps.microsoft.com/bundle/main.765b8a0d.js:1
[    3214ms] [LOG] [Wed, 27 May 2026 16:55:25 GMT] : [4060b5a7-91e7-4824-8e99-3138a75c0c13] : msal.js.browser@2.37.1 : Verbose - Found metadata in the cache. @ https://myapps.microsoft.com/bundle/main.765b8a0d.js:1
[    3214ms] [LOG] [Wed, 27 May 2026 16:55:25 GMT] : [4060b5a7-91e7-4824-8e99-3138a75c0c13] : msal.js.browser@2.37.1 : Verbose - Authentication Scheme wasn't explicitly set in request, defaulting to "Bearer" request @ https://myapps.microsoft.com/bundle/main.765b8a0d.js:1
[    3215ms] [LOG] [Wed, 27 May 2026 16:55:25 GMT] : [4060b5a7-91e7-4824-8e99-3138a75c0c13] : msal.js.browser@2.37.1 : Verbose - initializeServerTelemetryManager called @ https://myapps.microsoft.com/bundle/main.765b8a0d.js:1
[    3215ms] [LOG] [Wed, 27 May 2026 16:55:25 GMT] : [4060b5a7-91e7-4824-8e99-3138a75c0c13] : msal.js.browser@2.37.1 : Verbose - getClientConfiguration called @ https://myapps.microsoft.com/bundle/main.765b8a0d.js:1
[    3215ms] [LOG] [Wed, 27 May 2026 16:55:25 GMT] : [4060b5a7-91e7-4824-8e99-3138a75c0c13] : msal.js.browser@2.37.1 : Verbose - getDiscoveredAuthority called @ https://myapps.microsoft.com/bundle/main.765b8a0d.js:1
[    3215ms] [LOG] [Wed, 27 May 2026 16:55:25 GMT] : [4060b5a7-91e7-4824-8e99-3138a75c0c13] : msal.js.browser@2.37.1 : Verbose - Creating discovered authority with configured authority @ https://myapps.microsoft.com/bundle/main.765b8a0d.js:1
[    3215ms] [LOG] [Wed, 27 May 2026 16:55:25 GMT] : [4060b5a7-91e7-4824-8e99-3138a75c0c13] : msal.js.browser@2.37.1 : Verbose - Attempting to get cloud discovery metadata in the config @ https://myapps.microsoft.com/bundle/main.765b8a0d.js:1
[    3215ms] [LOG] [Wed, 27 May 2026 16:55:25 GMT] : [4060b5a7-91e7-4824-8e99-3138a75c0c13] : msal.js.browser@2.37.1 : Verbose - Did not find cloud discovery metadata in the config... Attempting to get cloud discovery metadata from the cache. @ https://myapps.microsoft.com/bundle/main.765b8a0d.js:1
[    3215ms] [LOG] [Wed, 27 May 2026 16:55:25 GMT] : [4060b5a7-91e7-4824-8e99-3138a75c0c13] : msal.js.browser@2.37.1 : Verbose - Found metadata in the cache. @ https://myapps.microsoft.com/bundle/main.765b8a0d.js:1
[    3215ms] [LOG] [Wed, 27 May 2026 16:55:25 GMT] : [4060b5a7-91e7-4824-8e99-3138a75c0c13] : msal.js.browser@2.37.1 : Verbose - Silent auth client created @ https://myapps.microsoft.com/bundle/main.765b8a0d.js:1
[    3215ms] [LOG] [Wed, 27 May 2026 16:55:25 GMT] : @azure/msal-common@13.1.0 : Info - CacheManager:getIdToken - Returning id token @ https://myapps.microsoft.com/bundle/main.765b8a0d.js:1
[    3215ms] [LOG] [Wed, 27 May 2026 16:55:25 GMT] : @azure/msal-common@13.1.0 : Info - CacheManager:getAccessToken - No token found @ https://myapps.microsoft.com/bundle/main.765b8a0d.js:1
[    3215ms] [LOG] [Wed, 27 May 2026 16:55:25 GMT] : @azure/msal-common@13.1.0 : Info - CacheManager:getRefreshToken - returning refresh token @ https://myapps.microsoft.com/bundle/main.765b8a0d.js:1
[    3216ms] [LOG] [Wed, 27 May 2026 16:55:25 GMT] : [4060b5a7-91e7-4824-8e99-3138a75c0c13] : @azure/msal-common@13.1.0 : Info - SilentFlowClient:acquireCachedToken - No access token found in cache for the given properties. @ https://myapps.microsoft.com/bundle/main.765b8a0d.js:1
[    3216ms] [LOG] [Wed, 27 May 2026 16:55:25 GMT] : @azure/msal-browser@2.37.1 : Info - Emitting event: msal:acquireTokenFromNetworkStart @ https://myapps.microsoft.com/bundle/main.765b8a0d.js:1
[    3216ms] [LOG] [Wed, 27 May 2026 16:55:25 GMT] : @azure/msal-browser@2.37.1 : Verbose - Emitting event to callback 35b70c3c-d0fa-48bb-a8dd-012b5b7f5a67: msal:acquireTokenFromNetworkStart @ https://myapps.microsoft.com/bundle/main.765b8a0d.js:1
[    3216ms] [LOG] [Wed, 27 May 2026 16:55:25 GMT] : @azure/msal-browser@2.37.1 : Verbose - Emitting event to callback c7e2bf09-999d-4c7b-951b-0bfe99d096ed: msal:acquireTokenFromNetworkStart @ https://myapps.microsoft.com/bundle/main.765b8a0d.js:1
[    3216ms] [LOG] [Wed, 27 May 2026 16:55:25 GMT] : @azure/msal-browser@2.37.1 : Verbose - getAllAccounts called @ https://myapps.microsoft.com/bundle/main.765b8a0d.js:1
[    3216ms] [LOG] [Wed, 27 May 2026 16:55:25 GMT] : @azure/msal-common@13.1.0 : Info - CacheManager:getIdToken - Returning id token @ https://myapps.microsoft.com/bundle/main.765b8a0d.js:1
[    3216ms] [LOG] [Wed, 27 May 2026 16:55:25 GMT] : @azure/msal-browser@2.37.1 : Verbose - Emitting event to callback 5a7d7d61-2464-4db7-989a-01a3299a560d: msal:acquireTokenFromNetworkStart @ https://myapps.microsoft.com/bundle/main.765b8a0d.js:1
[    3216ms] [LOG] [Wed, 27 May 2026 16:55:25 GMT] : [4060b5a7-91e7-4824-8e99-3138a75c0c13] : msal.js.browser@2.37.1 : Verbose - Initializing BaseAuthRequest @ https://myapps.microsoft.com/bundle/main.765b8a0d.js:1
[    3216ms] [LOG] [Wed, 27 May 2026 16:55:25 GMT] : [4060b5a7-91e7-4824-8e99-3138a75c0c13] : msal.js.browser@2.37.1 : Verbose - getDiscoveredAuthority called @ https://myapps.microsoft.com/bundle/main.765b8a0d.js:1
[    3216ms] [LOG] [Wed, 27 May 2026 16:55:25 GMT] : [4060b5a7-91e7-4824-8e99-3138a75c0c13] : msal.js.browser@2.37.1 : Verbose - Creating discovered authority with configured authority @ https://myapps.microsoft.com/bundle/main.765b8a0d.js:1
[    3217ms] [LOG] [Wed, 27 May 2026 16:55:25 GMT] : [4060b5a7-91e7-4824-8e99-3138a75c0c13] : msal.js.browser@2.37.1 : Verbose - Attempting to get cloud discovery metadata in the config @ https://myapps.microsoft.com/bundle/main.765b8a0d.js:1
[    3217ms] [LOG] [Wed, 27 May 2026 16:55:25 GMT] : [4060b5a7-91e7-4824-8e99-3138a75c0c13] : msal.js.browser@2.37.1 : Verbose - Did not find cloud discovery metadata in the config... Attempting to get cloud discovery metadata from the cache. @ https://myapps.microsoft.com/bundle/main.765b8a0d.js:1
[    3217ms] [LOG] [Wed, 27 May 2026 16:55:25 GMT] : [4060b5a7-91e7-4824-8e99-3138a75c0c13] : msal.js.browser@2.37.1 : Verbose - Found metadata in the cache. @ https://myapps.microsoft.com/bundle/main.765b8a0d.js:1
[    3217ms] [LOG] [Wed, 27 May 2026 16:55:25 GMT] : [4060b5a7-91e7-4824-8e99-3138a75c0c13] : msal.js.browser@2.37.1 : Verbose - Authentication Scheme set to "Bearer" as configured in Auth request @ https://myapps.microsoft.com/bundle/main.765b8a0d.js:1
[    3217ms] [LOG] [Wed, 27 May 2026 16:55:25 GMT] : [4060b5a7-91e7-4824-8e99-3138a75c0c13] : msal.js.browser@2.37.1 : Verbose - initializeServerTelemetryManager called @ https://myapps.microsoft.com/bundle/main.765b8a0d.js:1
[    3217ms] [LOG] [Wed, 27 May 2026 16:55:25 GMT] : [4060b5a7-91e7-4824-8e99-3138a75c0c13] : msal.js.browser@2.37.1 : Verbose - getClientConfiguration called @ https://myapps.microsoft.com/bundle/main.765b8a0d.js:1
[    3217ms] [LOG] [Wed, 27 May 2026 16:55:25 GMT] : [4060b5a7-91e7-4824-8e99-3138a75c0c13] : msal.js.browser@2.37.1 : Verbose - getDiscoveredAuthority called @ https://myapps.microsoft.com/bundle/main.765b8a0d.js:1
[    3217ms] [LOG] [Wed, 27 May 2026 16:55:25 GMT] : [4060b5a7-91e7-4824-8e99-3138a75c0c13] : msal.js.browser@2.37.1 : Verbose - Creating discovered authority with configured authority @ https://myapps.microsoft.com/bundle/main.765b8a0d.js:1
[    3217ms] [LOG] [Wed, 27 May 2026 16:55:25 GMT] : [4060b5a7-91e7-4824-8e99-3138a75c0c13] : msal.js.browser@2.37.1 : Verbose - Attempting to get cloud discovery metadata in the config @ https://myapps.microsoft.com/bundle/main.765b8a0d.js:1
[    3217ms] [LOG] [Wed, 27 May 2026 16:55:25 GMT] : [4060b5a7-91e7-4824-8e99-3138a75c0c13] : msal.js.browser@2.37.1 : Verbose - Did not find cloud discovery metadata in the config... Attempting to get cloud discovery metadata from the cache. @ https://myapps.microsoft.com/bundle/main.765b8a0d.js:1
[    3217ms] [LOG] [Wed, 27 May 2026 16:55:25 GMT] : [4060b5a7-91e7-4824-8e99-3138a75c0c13] : msal.js.browser@2.37.1 : Verbose - Found metadata in the cache. @ https://myapps.microsoft.com/bundle/main.765b8a0d.js:1
[    3217ms] [LOG] [Wed, 27 May 2026 16:55:25 GMT] : [4060b5a7-91e7-4824-8e99-3138a75c0c13] : msal.js.browser@2.37.1 : Verbose - Refresh token client created @ https://myapps.microsoft.com/bundle/main.765b8a0d.js:1
[    3217ms] [LOG] [Wed, 27 May 2026 16:55:25 GMT] : [4060b5a7-91e7-4824-8e99-3138a75c0c13] : @azure/msal-common@13.1.0 : Verbose - RefreshTokenClientAcquireTokenWithCachedRefreshToken called @ https://myapps.microsoft.com/bundle/main.765b8a0d.js:1
[    3217ms] [LOG] [Wed, 27 May 2026 16:55:25 GMT] : @azure/msal-common@13.1.0 : Info - CacheManager:getRefreshToken - returning refresh token @ https://myapps.microsoft.com/bundle/main.765b8a0d.js:1
[    3217ms] [LOG] [Wed, 27 May 2026 16:55:25 GMT] : [4060b5a7-91e7-4824-8e99-3138a75c0c13] : @azure/msal-common@13.1.0 : Verbose - RefreshTokenClientAcquireToken called @ https://myapps.microsoft.com/bundle/main.765b8a0d.js:1
[    3308ms] [ERROR] Failed to load resource: the server responded with a status of 404 () @ https://graph.microsoft.com/me/photo/$value:0
[    3493ms] [ERROR] Failed to load resource: the server responded with a status of 404 () @ https://graph.microsoft.com/v1.0/organization/456213cf-7073-47c6-bf49-41b654ad449b/branding:0
[    3530ms] [LOG] [Wed, 27 May 2026 16:55:26 GMT] : @azure/msal-browser@2.37.1 : Verbose - BrowserCacheManager.addAccountKeyToMap account key already exists in map @ https://myapps.microsoft.com/bundle/main.765b8a0d.js:1
[    3530ms] [LOG] [Wed, 27 May 2026 16:55:26 GMT] : @azure/msal-browser@2.37.1 : Info - BrowserCacheManager: addTokenKey - accessToken added to map @ https://myapps.microsoft.com/bundle/main.765b8a0d.js:1
[    3530ms] [LOG] [Wed, 27 May 2026 16:55:26 GMT] : @azure/msal-browser@2.37.1 : Info - Emitting event: msal:acquireTokenSuccess @ https://myapps.microsoft.com/bundle/main.765b8a0d.js:1
[    3531ms] [LOG] [Wed, 27 May 2026 16:55:26 GMT] : @azure/msal-browser@2.37.1 : Verbose - Emitting event to callback 35b70c3c-d0fa-48bb-a8dd-012b5b7f5a67: msal:acquireTokenSuccess @ https://myapps.microsoft.com/bundle/main.765b8a0d.js:1
[    3531ms] [LOG] [Wed, 27 May 2026 16:55:26 GMT] : @azure/msal-browser@2.37.1 : Info - @iamexperiences/feature-auth, message: getMsalAuth: storing latest account to browser storage @ https://myapps.microsoft.com/bundle/main.765b8a0d.js:1
[    3531ms] [LOG] [Wed, 27 May 2026 16:55:26 GMT] : @azure/msal-browser@2.37.1 : Info - @iamexperiences/feature-auth, message: getMsalAuth: Track new active account 456213cf-7073-47c6-bf49-41b654ad449b, 
          eventType: msal:acquireTokenSuccess, interactionType: silent @ https://myapps.microsoft.com/bundle/main.765b8a0d.js:1
[    3531ms] [LOG] [Wed, 27 May 2026 16:55:26 GMT] : @azure/msal-browser@2.37.1 : Verbose - setActiveAccount: Active account set @ https://myapps.microsoft.com/bundle/main.765b8a0d.js:1
[    3531ms] [LOG] [Wed, 27 May 2026 16:55:26 GMT] : @azure/msal-browser@2.37.1 : Verbose - Emitting event to callback c7e2bf09-999d-4c7b-951b-0bfe99d096ed: msal:acquireTokenSuccess @ https://myapps.microsoft.com/bundle/main.765b8a0d.js:1
[    3531ms] [LOG] [Wed, 27 May 2026 16:55:26 GMT] : @azure/msal-browser@2.37.1 : Verbose - getAllAccounts called @ https://myapps.microsoft.com/bundle/main.765b8a0d.js:1
[    3531ms] [LOG] [Wed, 27 May 2026 16:55:26 GMT] : @azure/msal-common@13.1.0 : Info - CacheManager:getIdToken - Returning id token @ https://myapps.microsoft.com/bundle/main.765b8a0d.js:1
[    3531ms] [LOG] [Wed, 27 May 2026 16:55:26 GMT] : @azure/msal-browser@2.37.1 : Verbose - Emitting event to callback 5a7d7d61-2464-4db7-989a-01a3299a560d: msal:acquireTokenSuccess @ https://myapps.microsoft.com/bundle/main.765b8a0d.js:1
[    3531ms] [LOG] [Wed, 27 May 2026 16:55:26 GMT] : [4060b5a7-91e7-4824-8e99-3138a75c0c13] : @azure/msal-browser@2.37.1 : Verbose - PerformanceClient: Emitting performance events @ https://myapps.microsoft.com/bundle/main.765b8a0d.js:1
[    3531ms] [LOG] [Wed, 27 May 2026 16:55:26 GMT] : [4060b5a7-91e7-4824-8e99-3138a75c0c13] : @azure/msal-browser@2.37.1 : Verbose - PerformanceTelemetryReporter: Emitting telemetry for acquireTokenSilent @ https://myapps.microsoft.com/bundle/main.765b8a0d.js:1
[    3531ms] [LOG] [Wed, 27 May 2026 16:55:26 GMT] : @azure/msal-browser@2.37.1 : Verbose - PerformanceTelemetryReporter: Sending acquireTokenSilent for tracking @ https://myapps.microsoft.com/bundle/main.765b8a0d.js:1
[    3532ms] [LOG] [Wed, 27 May 2026 16:55:26 GMT] : @azure/msal-common@13.1.0 : Info - CacheManager:getIdToken - Returning id token @ https://myapps.microsoft.com/bundle/main.765b8a0d.js:1
[    3532ms] [LOG] [Wed, 27 May 2026 16:55:26 GMT] : @azure/msal-browser@2.37.1 : Info - @iamexperiences/feature-auth, message: getMsalAuth: calling acquireTokenHelper method {"authority":"https://login.microsoftonline.com/456213cf-7073-47c6-bf49-41b654ad449b/","scopes":["https://graph.microsoft.com/CrossTenantInformation.ReadBasic.All"],"redirectUri":"https://myapps.microsoft.com/blank.html"} @ https://myapps.microsoft.com/bundle/main.765b8a0d.js:1
[    3532ms] [LOG] [Wed, 27 May 2026 16:55:26 GMT] : @azure/msal-browser@2.37.1 : Verbose - preflightBrowserEnvironmentCheck started @ https://myapps.microsoft.com/bundle/main.765b8a0d.js:1
[    3532ms] [LOG] [Wed, 27 May 2026 16:55:26 GMT] : [c5d6d6b0-991b-4cb0-ba82-0b2cac3e930d] : @azure/msal-browser@2.37.1 : Verbose - acquireTokenSilent called @ https://myapps.microsoft.com/bundle/main.765b8a0d.js:1
[    3532ms] [LOG] [Wed, 27 May 2026 16:55:26 GMT] : @azure/msal-common@13.1.0 : Info - CacheManager:getIdToken - Returning id token @ https://myapps.microsoft.com/bundle/main.765b8a0d.js:1
[    3532ms] [LOG] [Wed, 27 May 2026 16:55:26 GMT] : [c5d6d6b0-991b-4cb0-ba82-0b2cac3e930d] : @azure/msal-browser@2.37.1 : Verbose - acquireTokenSilent called for the first time, storing active request @ https://myapps.microsoft.com/bundle/main.765b8a0d.js:1
[    3532ms] [LOG] [Wed, 27 May 2026 16:55:26 GMT] : @azure/msal-browser@2.37.1 : Info - Emitting event: msal:acquireTokenStart @ https://myapps.microsoft.com/bundle/main.765b8a0d.js:1
[    3533ms] [LOG] [Wed, 27 May 2026 16:55:26 GMT] : @azure/msal-browser@2.37.1 : Verbose - Emitting event to callback 35b70c3c-d0fa-48bb-a8dd-012b5b7f5a67: msal:acquireTokenStart @ https://myapps.microsoft.com/bundle/main.765b8a0d.js:1
[    3533ms] [LOG] [Wed, 27 May 2026 16:55:26 GMT] : @azure/msal-browser@2.37.1 : Verbose - Emitting event to callback c7e2bf09-999d-4c7b-951b-0bfe99d096ed: msal:acquireTokenStart @ https://myapps.microsoft.com/bundle/main.765b8a0d.js:1
[    3533ms] [LOG] [Wed, 27 May 2026 16:55:26 GMT] : @azure/msal-browser@2.37.1 : Verbose - getAllAccounts called @ https://myapps.microsoft.com/bundle/main.765b8a0d.js:1
[    3533ms] [LOG] [Wed, 27 May 2026 16:55:26 GMT] : @azure/msal-common@13.1.0 : Info - CacheManager:getIdToken - Returning id token @ https://myapps.microsoft.com/bundle/main.765b8a0d.js:1
[    3533ms] [LOG] [Wed, 27 May 2026 16:55:26 GMT] : @azure/msal-browser@2.37.1 : Verbose - Emitting event to callback 5a7d7d61-2464-4db7-989a-01a3299a560d: msal:acquireTokenStart @ https://myapps.microsoft.com/bundle/main.765b8a0d.js:1
[    3533ms] [LOG] [Wed, 27 May 2026 16:55:26 GMT] : @azure/msal-browser@2.37.1 : Verbose - acquireTokenSilent - attempting to acquire token from web flow @ https://myapps.microsoft.com/bundle/main.765b8a0d.js:1
[    3533ms] [LOG] [Wed, 27 May 2026 16:55:26 GMT] : [c5d6d6b0-991b-4cb0-ba82-0b2cac3e930d] : msal.js.browser@2.37.1 : Verbose - Initializing BaseAuthRequest @ https://myapps.microsoft.com/bundle/main.765b8a0d.js:1
[    3533ms] [LOG] [Wed, 27 May 2026 16:55:26 GMT] : [c5d6d6b0-991b-4cb0-ba82-0b2cac3e930d] : msal.js.browser@2.37.1 : Verbose - getDiscoveredAuthority called @ https://myapps.microsoft.com/bundle/main.765b8a0d.js:1
[    3533ms] [LOG] [Wed, 27 May 2026 16:55:26 GMT] : [c5d6d6b0-991b-4cb0-ba82-0b2cac3e930d] : msal.js.browser@2.37.1 : Verbose - Creating discovered authority with configured authority @ https://myapps.microsoft.com/bundle/main.765b8a0d.js:1
[    3533ms] [LOG] [Wed, 27 May 2026 16:55:26 GMT] : [c5d6d6b0-991b-4cb0-ba82-0b2cac3e930d] : msal.js.browser@2.37.1 : Verbose - Attempting to get cloud discovery metadata in the config @ https://myapps.microsoft.com/bundle/main.765b8a0d.js:1
[    3533ms] [LOG] [Wed, 27 May 2026 16:55:26 GMT] : [c5d6d6b0-991b-4cb0-ba82-0b2cac3e930d] : msal.js.browser@2.37.1 : Verbose - Did not find cloud discovery metadata in the config... Attempting to get cloud discovery metadata from the cache. @ https://myapps.microsoft.com/bundle/main.765b8a0d.js:1
[    3533ms] [LOG] [Wed, 27 May 2026 16:55:26 GMT] : [c5d6d6b0-991b-4cb0-ba82-0b2cac3e930d] : msal.js.browser@2.37.1 : Verbose - Found metadata in the cache. @ https://myapps.microsoft.com/bundle/main.765b8a0d.js:1
[    3534ms] [LOG] [Wed, 27 May 2026 16:55:26 GMT] : [c5d6d6b0-991b-4cb0-ba82-0b2cac3e930d] : msal.js.browser@2.37.1 : Verbose - Authentication Scheme wasn't explicitly set in request, defaulting to "Bearer" request @ https://myapps.microsoft.com/bundle/main.765b8a0d.js:1
[    3534ms] [LOG] [Wed, 27 May 2026 16:55:26 GMT] : [c5d6d6b0-991b-4cb0-ba82-0b2cac3e930d] : msal.js.browser@2.37.1 : Verbose - initializeServerTelemetryManager called @ https://myapps.microsoft.com/bundle/main.765b8a0d.js:1
[    3534ms] [LOG] [Wed, 27 May 2026 16:55:26 GMT] : [c5d6d6b0-991b-4cb0-ba82-0b2cac3e930d] : msal.js.browser@2.37.1 : Verbose - getClientConfiguration called @ https://myapps.microsoft.com/bundle/main.765b8a0d.js:1
[    3534ms] [LOG] [Wed, 27 May 2026 16:55:26 GMT] : [c5d6d6b0-991b-4cb0-ba82-0b2cac3e930d] : msal.js.browser@2.37.1 : Verbose - getDiscoveredAuthority called @ https://myapps.microsoft.com/bundle/main.765b8a0d.js:1
[    3534ms] [LOG] [Wed, 27 May 2026 16:55:26 GMT] : [c5d6d6b0-991b-4cb0-ba82-0b2cac3e930d] : msal.js.browser@2.37.1 : Verbose - Creating discovered authority with configured authority @ https://myapps.microsoft.com/bundle/main.765b8a0d.js:1
[    3534ms] [LOG] [Wed, 27 May 2026 16:55:26 GMT] : [c5d6d6b0-991b-4cb0-ba82-0b2cac3e930d] : msal.js.browser@2.37.1 : Verbose - Attempting to get cloud discovery metadata in the config @ https://myapps.microsoft.com/bundle/main.765b8a0d.js:1
[    3534ms] [LOG] [Wed, 27 May 2026 16:55:26 GMT] : [c5d6d6b0-991b-4cb0-ba82-0b2cac3e930d] : msal.js.browser@2.37.1 : Verbose - Did not find cloud discovery metadata in the config... Attempting to get cloud discovery metadata from the cache. @ https://myapps.microsoft.com/bundle/main.765b8a0d.js:1
[    3534ms] [LOG] [Wed, 27 May 2026 16:55:26 GMT] : [c5d6d6b0-991b-4cb0-ba82-0b2cac3e930d] : msal.js.browser@2.37.1 : Verbose - Found metadata in the cache. @ https://myapps.microsoft.com/bundle/main.765b8a0d.js:1
[    3534ms] [LOG] [Wed, 27 May 2026 16:55:26 GMT] : [c5d6d6b0-991b-4cb0-ba82-0b2cac3e930d] : msal.js.browser@2.37.1 : Verbose - Silent auth client created @ https://myapps.microsoft.com/bundle/main.765b8a0d.js:1
[    3534ms] [LOG] [Wed, 27 May 2026 16:55:26 GMT] : @azure/msal-common@13.1.0 : Info - CacheManager:getIdToken - Returning id token @ https://myapps.microsoft.com/bundle/main.765b8a0d.js:1
[    3535ms] [LOG] [Wed, 27 May 2026 16:55:26 GMT] : @azure/msal-common@13.1.0 : Info - CacheManager:getAccessToken - Returning access token @ https://myapps.microsoft.com/bundle/main.765b8a0d.js:1
[    3535ms] [LOG] [Wed, 27 May 2026 16:55:26 GMT] : @azure/msal-common@13.1.0 : Info - CacheManager:getRefreshToken - returning refresh token @ https://myapps.microsoft.com/bundle/main.765b8a0d.js:1
[    3535ms] [LOG] [Wed, 27 May 2026 16:55:26 GMT] : @azure/msal-browser@2.37.1 : Info - Emitting event: msal:acquireTokenSuccess @ https://myapps.microsoft.com/bundle/main.765b8a0d.js:1
[    3535ms] [LOG] [Wed, 27 May 2026 16:55:26 GMT] : @azure/msal-browser@2.37.1 : Verbose - Emitting event to callback 35b70c3c-d0fa-48bb-a8dd-012b5b7f5a67: msal:acquireTokenSuccess @ https://myapps.microsoft.com/bundle/main.765b8a0d.js:1
[    3535ms] [LOG] [Wed, 27 May 2026 16:55:26 GMT] : @azure/msal-browser@2.37.1 : Info - @iamexperiences/feature-auth, message: getMsalAuth: storing latest account to browser storage @ https://myapps.microsoft.com/bundle/main.765b8a0d.js:1
[    3536ms] [LOG] [Wed, 27 May 2026 16:55:26 GMT] : @azure/msal-browser@2.37.1 : Info - @iamexperiences/feature-auth, message: getMsalAuth: Track new active account 456213cf-7073-47c6-bf49-41b654ad449b, 
          eventType: msal:acquireTokenSuccess, interactionType: silent @ https://myapps.microsoft.com/bundle/main.765b8a0d.js:1
[    3536ms] [LOG] [Wed, 27 May 2026 16:55:26 GMT] : @azure/msal-browser@2.37.1 : Verbose - setActiveAccount: Active account set @ https://myapps.microsoft.com/bundle/main.765b8a0d.js:1
[    3536ms] [LOG] [Wed, 27 May 2026 16:55:26 GMT] : @azure/msal-browser@2.37.1 : Verbose - Emitting event to callback c7e2bf09-999d-4c7b-951b-0bfe99d096ed: msal:acquireTokenSuccess @ https://myapps.microsoft.com/bundle/main.765b8a0d.js:1
[    3536ms] [LOG] [Wed, 27 May 2026 16:55:26 GMT] : @azure/msal-browser@2.37.1 : Verbose - getAllAccounts called @ https://myapps.microsoft.com/bundle/main.765b8a0d.js:1
[    3536ms] [LOG] [Wed, 27 May 2026 16:55:26 GMT] : @azure/msal-common@13.1.0 : Info - CacheManager:getIdToken - Returning id token @ https://myapps.microsoft.com/bundle/main.765b8a0d.js:1
[    3536ms] [LOG] [Wed, 27 May 2026 16:55:26 GMT] : @azure/msal-browser@2.37.1 : Verbose - Emitting event to callback 5a7d7d61-2464-4db7-989a-01a3299a560d: msal:acquireTokenSuccess @ https://myapps.microsoft.com/bundle/main.765b8a0d.js:1
[    3536ms] [LOG] [Wed, 27 May 2026 16:55:26 GMT] : [c5d6d6b0-991b-4cb0-ba82-0b2cac3e930d] : @azure/msal-browser@2.37.1 : Verbose - PerformanceClient: Emitting performance events @ https://myapps.microsoft.com/bundle/main.765b8a0d.js:1
[    3536ms] [LOG] [Wed, 27 May 2026 16:55:26 GMT] : [c5d6d6b0-991b-4cb0-ba82-0b2cac3e930d] : @azure/msal-browser@2.37.1 : Verbose - PerformanceTelemetryReporter: Emitting telemetry for acquireTokenSilent @ https://myapps.microsoft.com/bundle/main.765b8a0d.js:1
[    3536ms] [LOG] [Wed, 27 May 2026 16:55:26 GMT] : @azure/msal-browser@2.37.1 : Verbose - PerformanceTelemetryReporter: Sending acquireTokenSilent for tracking @ https://myapps.microsoft.com/bundle/main.765b8a0d.js:1
[    3536ms] [LOG] [Wed, 27 May 2026 16:55:26 GMT] : @azure/msal-common@13.1.0 : Info - CacheManager:getIdToken - Returning id token @ https://myapps.microsoft.com/bundle/main.765b8a0d.js:1
[    3536ms] [LOG] [Wed, 27 May 2026 16:55:26 GMT] : @azure/msal-browser@2.37.1 : Info - @iamexperiences/feature-auth, message: getMsalAuth: calling acquireTokenHelper method {"authority":"https://login.microsoftonline.com/456213cf-7073-47c6-bf49-41b654ad449b/","scopes":["2793995e-0a7d-40d7-bd35-6968ba142197/.default"],"redirectUri":"https://myapps.microsoft.com/blank.html"} @ https://myapps.microsoft.com/bundle/main.765b8a0d.js:1
[    3537ms] [LOG] [Wed, 27 May 2026 16:55:26 GMT] : @azure/msal-browser@2.37.1 : Verbose - preflightBrowserEnvironmentCheck started @ https://myapps.microsoft.com/bundle/main.765b8a0d.js:1
[    3537ms] [LOG] [Wed, 27 May 2026 16:55:26 GMT] : [db88c17d-5e90-4fb1-9c3e-573fc9349475] : @azure/msal-browser@2.37.1 : Verbose - acquireTokenSilent called @ https://myapps.microsoft.com/bundle/main.765b8a0d.js:1
[    3537ms] [LOG] [Wed, 27 May 2026 16:55:26 GMT] : @azure/msal-common@13.1.0 : Info - CacheManager:getIdToken - Returning id token @ https://myapps.microsoft.com/bundle/main.765b8a0d.js:1
[    3537ms] [LOG] [Wed, 27 May 2026 16:55:26 GMT] : [db88c17d-5e90-4fb1-9c3e-573fc9349475] : @azure/msal-browser@2.37.1 : Verbose - acquireTokenSilent called for the first time, storing active request @ https://myapps.microsoft.com/bundle/main.765b8a0d.js:1
[    3537ms] [LOG] [Wed, 27 May 2026 16:55:26 GMT] : @azure/msal-browser@2.37.1 : Info - Emitting event: msal:acquireTokenStart @ https://myapps.microsoft.com/bundle/main.765b8a0d.js:1
[    3537ms] [LOG] [Wed, 27 May 2026 16:55:26 GMT] : @azure/msal-browser@2.37.1 : Verbose - Emitting event to callback 35b70c3c-d0fa-48bb-a8dd-012b5b7f5a67: msal:acquireTokenStart @ https://myapps.microsoft.com/bundle/main.765b8a0d.js:1
[    3537ms] [LOG] [Wed, 27 May 2026 16:55:26 GMT] : @azure/msal-browser@2.37.1 : Verbose - Emitting event to callback c7e2bf09-999d-4c7b-951b-0bfe99d096ed: msal:acquireTokenStart @ https://myapps.microsoft.com/bundle/main.765b8a0d.js:1
[    3537ms] [LOG] [Wed, 27 May 2026 16:55:26 GMT] : @azure/msal-browser@2.37.1 : Verbose - getAllAccounts called @ https://myapps.microsoft.com/bundle/main.765b8a0d.js:1
[    3537ms] [LOG] [Wed, 27 May 2026 16:55:26 GMT] : @azure/msal-common@13.1.0 : Info - CacheManager:getIdToken - Returning id token @ https://myapps.microsoft.com/bundle/main.765b8a0d.js:1
[    3537ms] [LOG] [Wed, 27 May 2026 16:55:26 GMT] : @azure/msal-browser@2.37.1 : Verbose - Emitting event to callback 5a7d7d61-2464-4db7-989a-01a3299a560d: msal:acquireTokenStart @ https://myapps.microsoft.com/bundle/main.765b8a0d.js:1
[    3538ms] [LOG] [Wed, 27 May 2026 16:55:26 GMT] : @azure/msal-browser@2.37.1 : Verbose - acquireTokenSilent - attempting to acquire token from web flow @ https://myapps.microsoft.com/bundle/main.765b8a0d.js:1
[    3538ms] [LOG] [Wed, 27 May 2026 16:55:26 GMT] : [db88c17d-5e90-4fb1-9c3e-573fc9349475] : msal.js.browser@2.37.1 : Verbose - Initializing BaseAuthRequest @ https://myapps.microsoft.com/bundle/main.765b8a0d.js:1
[    3538ms] [LOG] [Wed, 27 May 2026 16:55:26 GMT] : [db88c17d-5e90-4fb1-9c3e-573fc9349475] : msal.js.browser@2.37.1 : Verbose - getDiscoveredAuthority called @ https://myapps.microsoft.com/bundle/main.765b8a0d.js:1
[    3538ms] [LOG] [Wed, 27 May 2026 16:55:26 GMT] : [db88c17d-5e90-4fb1-9c3e-573fc9349475] : msal.js.browser@2.37.1 : Verbose - Creating discovered authority with configured authority @ https://myapps.microsoft.com/bundle/main.765b8a0d.js:1
[    3538ms] [LOG] [Wed, 27 May 2026 16:55:26 GMT] : [db88c17d-5e90-4fb1-9c3e-573fc9349475] : msal.js.browser@2.37.1 : Verbose - Attempting to get cloud discovery metadata in the config @ https://myapps.microsoft.com/bundle/main.765b8a0d.js:1
[    3538ms] [LOG] [Wed, 27 May 2026 16:55:26 GMT] : [db88c17d-5e90-4fb1-9c3e-573fc9349475] : msal.js.browser@2.37.1 : Verbose - Did not find cloud discovery metadata in the config... Attempting to get cloud discovery metadata from the cache. @ https://myapps.microsoft.com/bundle/main.765b8a0d.js:1
[    3538ms] [LOG] [Wed, 27 May 2026 16:55:26 GMT] : [db88c17d-5e90-4fb1-9c3e-573fc9349475] : msal.js.browser@2.37.1 : Verbose - Found metadata in the cache. @ https://myapps.microsoft.com/bundle/main.765b8a0d.js:1
[    3538ms] [LOG] [Wed, 27 May 2026 16:55:26 GMT] : [db88c17d-5e90-4fb1-9c3e-573fc9349475] : msal.js.browser@2.37.1 : Verbose - Authentication Scheme wasn't explicitly set in request, defaulting to "Bearer" request @ https://myapps.microsoft.com/bundle/main.765b8a0d.js:1
[    3538ms] [LOG] [Wed, 27 May 2026 16:55:26 GMT] : [db88c17d-5e90-4fb1-9c3e-573fc9349475] : msal.js.browser@2.37.1 : Verbose - initializeServerTelemetryManager called @ https://myapps.microsoft.com/bundle/main.765b8a0d.js:1
[    3538ms] [LOG] [Wed, 27 May 2026 16:55:26 GMT] : [db88c17d-5e90-4fb1-9c3e-573fc9349475] : msal.js.browser@2.37.1 : Verbose - getClientConfiguration called @ https://myapps.microsoft.com/bundle/main.765b8a0d.js:1
[    3538ms] [LOG] [Wed, 27 May 2026 16:55:26 GMT] : [db88c17d-5e90-4fb1-9c3e-573fc9349475] : msal.js.browser@2.37.1 : Verbose - getDiscoveredAuthority called @ https://myapps.microsoft.com/bundle/main.765b8a0d.js:1
[    3538ms] [LOG] [Wed, 27 May 2026 16:55:26 GMT] : [db88c17d-5e90-4fb1-9c3e-573fc9349475] : msal.js.browser@2.37.1 : Verbose - Creating discovered authority with configured authority @ https://myapps.microsoft.com/bundle/main.765b8a0d.js:1
[    3538ms] [LOG] [Wed, 27 May 2026 16:55:26 GMT] : [db88c17d-5e90-4fb1-9c3e-573fc9349475] : msal.js.browser@2.37.1 : Verbose - Attempting to get cloud discovery metadata in the config @ https://myapps.microsoft.com/bundle/main.765b8a0d.js:1
[    3539ms] [LOG] [Wed, 27 May 2026 16:55:26 GMT] : [db88c17d-5e90-4fb1-9c3e-573fc9349475] : msal.js.browser@2.37.1 : Verbose - Did not find cloud discovery metadata in the config... Attempting to get cloud discovery metadata from the cache. @ https://myapps.microsoft.com/bundle/main.765b8a0d.js:1
[    3539ms] [LOG] [Wed, 27 May 2026 16:55:26 GMT] : [db88c17d-5e90-4fb1-9c3e-573fc9349475] : msal.js.browser@2.37.1 : Verbose - Found metadata in the cache. @ https://myapps.microsoft.com/bundle/main.765b8a0d.js:1
[    3539ms] [LOG] [Wed, 27 May 2026 16:55:26 GMT] : [db88c17d-5e90-4fb1-9c3e-573fc9349475] : msal.js.browser@2.37.1 : Verbose - Silent auth client created @ https://myapps.microsoft.com/bundle/main.765b8a0d.js:1
[    3539ms] [LOG] [Wed, 27 May 2026 16:55:26 GMT] : @azure/msal-common@13.1.0 : Info - CacheManager:getIdToken - Returning id token @ https://myapps.microsoft.com/bundle/main.765b8a0d.js:1
[    3539ms] [LOG] [Wed, 27 May 2026 16:55:26 GMT] : @azure/msal-common@13.1.0 : Info - CacheManager:getAccessToken - No token found @ https://myapps.microsoft.com/bundle/main.765b8a0d.js:1
[    3539ms] [LOG] [Wed, 27 May 2026 16:55:26 GMT] : @azure/msal-common@13.1.0 : Info - CacheManager:getRefreshToken - returning refresh token @ https://myapps.microsoft.com/bundle/main.765b8a0d.js:1
[    3539ms] [LOG] [Wed, 27 May 2026 16:55:26 GMT] : [db88c17d-5e90-4fb1-9c3e-573fc9349475] : @azure/msal-common@13.1.0 : Info - SilentFlowClient:acquireCachedToken - No access token found in cache for the given properties. @ https://myapps.microsoft.com/bundle/main.765b8a0d.js:1
[    3540ms] [LOG] [Wed, 27 May 2026 16:55:26 GMT] : @azure/msal-browser@2.37.1 : Info - Emitting event: msal:acquireTokenFromNetworkStart @ https://myapps.microsoft.com/bundle/main.765b8a0d.js:1
[    3541ms] [LOG] [Wed, 27 May 2026 16:55:26 GMT] : @azure/msal-browser@2.37.1 : Verbose - Emitting event to callback 35b70c3c-d0fa-48bb-a8dd-012b5b7f5a67: msal:acquireTokenFromNetworkStart @ https://myapps.microsoft.com/bundle/main.765b8a0d.js:1
[    3541ms] [LOG] [Wed, 27 May 2026 16:55:26 GMT] : @azure/msal-browser@2.37.1 : Verbose - Emitting event to callback c7e2bf09-999d-4c7b-951b-0bfe99d096ed: msal:acquireTokenFromNetworkStart @ https://myapps.microsoft.com/bundle/main.765b8a0d.js:1
[    3541ms] [LOG] [Wed, 27 May 2026 16:55:26 GMT] : @azure/msal-browser@2.37.1 : Verbose - getAllAccounts called @ https://myapps.microsoft.com/bundle/main.765b8a0d.js:1
[    3541ms] [LOG] [Wed, 27 May 2026 16:55:26 GMT] : @azure/msal-common@13.1.0 : Info - CacheManager:getIdToken - Returning id token @ https://myapps.microsoft.com/bundle/main.765b8a0d.js:1
[    3541ms] [LOG] [Wed, 27 May 2026 16:55:26 GMT] : @azure/msal-browser@2.37.1 : Verbose - Emitting event to callback 5a7d7d61-2464-4db7-989a-01a3299a560d: msal:acquireTokenFromNetworkStart @ https://myapps.microsoft.com/bundle/main.765b8a0d.js:1
[    3541ms] [LOG] [Wed, 27 May 2026 16:55:26 GMT] : [db88c17d-5e90-4fb1-9c3e-573fc9349475] : msal.js.browser@2.37.1 : Verbose - Initializing BaseAuthRequest @ https://myapps.microsoft.com/bundle/main.765b8a0d.js:1
[    3541ms] [LOG] [Wed, 27 May 2026 16:55:26 GMT] : [db88c17d-5e90-4fb1-9c3e-573fc9349475] : msal.js.browser@2.37.1 : Verbose - getDiscoveredAuthority called @ https://myapps.microsoft.com/bundle/main.765b8a0d.js:1
[    3541ms] [LOG] [Wed, 27 May 2026 16:55:26 GMT] : [db88c17d-5e90-4fb1-9c3e-573fc9349475] : msal.js.browser@2.37.1 : Verbose - Creating discovered authority with configured authority @ https://myapps.microsoft.com/bundle/main.765b8a0d.js:1
[    3541ms] [LOG] [Wed, 27 May 2026 16:55:26 GMT] : [db88c17d-5e90-4fb1-9c3e-573fc9349475] : msal.js.browser@2.37.1 : Verbose - Attempting to get cloud discovery metadata in the config @ https://myapps.microsoft.com/bundle/main.765b8a0d.js:1
[    3541ms] [LOG] [Wed, 27 May 2026 16:55:26 GMT] : [db88c17d-5e90-4fb1-9c3e-573fc9349475] : msal.js.browser@2.37.1 : Verbose - Did not find cloud discovery metadata in the config... Attempting to get cloud discovery metadata from the cache. @ https://myapps.microsoft.com/bundle/main.765b8a0d.js:1
[    3541ms] [LOG] [Wed, 27 May 2026 16:55:26 GMT] : [db88c17d-5e90-4fb1-9c3e-573fc9349475] : msal.js.browser@2.37.1 : Verbose - Found metadata in the cache. @ https://myapps.microsoft.com/bundle/main.765b8a0d.js:1
[    3541ms] [LOG] [Wed, 27 May 2026 16:55:26 GMT] : [db88c17d-5e90-4fb1-9c3e-573fc9349475] : msal.js.browser@2.37.1 : Verbose - Authentication Scheme set to "Bearer" as configured in Auth request @ https://myapps.microsoft.com/bundle/main.765b8a0d.js:1
[    3541ms] [LOG] [Wed, 27 May 2026 16:55:26 GMT] : [db88c17d-5e90-4fb1-9c3e-573fc9349475] : msal.js.browser@2.37.1 : Verbose - initializeServerTelemetryManager called @ https://myapps.microsoft.com/bundle/main.765b8a0d.js:1
[    3541ms] [LOG] [Wed, 27 May 2026 16:55:26 GMT] : [db88c17d-5e90-4fb1-9c3e-573fc9349475] : msal.js.browser@2.37.1 : Verbose - getClientConfiguration called @ https://myapps.microsoft.com/bundle/main.765b8a0d.js:1
[    3541ms] [LOG] [Wed, 27 May 2026 16:55:26 GMT] : [db88c17d-5e90-4fb1-9c3e-573fc9349475] : msal.js.browser@2.37.1 : Verbose - getDiscoveredAuthority called @ https://myapps.microsoft.com/bundle/main.765b8a0d.js:1
[    3541ms] [LOG] [Wed, 27 May 2026 16:55:26 GMT] : [db88c17d-5e90-4fb1-9c3e-573fc9349475] : msal.js.browser@2.37.1 : Verbose - Creating discovered authority with configured authority @ https://myapps.microsoft.com/bundle/main.765b8a0d.js:1
[    3541ms] [LOG] [Wed, 27 May 2026 16:55:26 GMT] : [db88c17d-5e90-4fb1-9c3e-573fc9349475] : msal.js.browser@2.37.1 : Verbose - Attempting to get cloud discovery metadata in the config @ https://myapps.microsoft.com/bundle/main.765b8a0d.js:1
[    3541ms] [LOG] [Wed, 27 May 2026 16:55:26 GMT] : [db88c17d-5e90-4fb1-9c3e-573fc9349475] : msal.js.browser@2.37.1 : Verbose - Did not find cloud discovery metadata in the config... Attempting to get cloud discovery metadata from the cache. @ https://myapps.microsoft.com/bundle/main.765b8a0d.js:1
[    3541ms] [LOG] [Wed, 27 May 2026 16:55:26 GMT] : [db88c17d-5e90-4fb1-9c3e-573fc9349475] : msal.js.browser@2.37.1 : Verbose - Found metadata in the cache. @ https://myapps.microsoft.com/bundle/main.765b8a0d.js:1
[    3541ms] [LOG] [Wed, 27 May 2026 16:55:26 GMT] : [db88c17d-5e90-4fb1-9c3e-573fc9349475] : msal.js.browser@2.37.1 : Verbose - Refresh token client created @ https://myapps.microsoft.com/bundle/main.765b8a0d.js:1
[    3541ms] [LOG] [Wed, 27 May 2026 16:55:26 GMT] : [db88c17d-5e90-4fb1-9c3e-573fc9349475] : @azure/msal-common@13.1.0 : Verbose - RefreshTokenClientAcquireTokenWithCachedRefreshToken called @ https://myapps.microsoft.com/bundle/main.765b8a0d.js:1
[    3542ms] [LOG] [Wed, 27 May 2026 16:55:26 GMT] : @azure/msal-common@13.1.0 : Info - CacheManager:getRefreshToken - returning refresh token @ https://myapps.microsoft.com/bundle/main.765b8a0d.js:1
[    3542ms] [LOG] [Wed, 27 May 2026 16:55:26 GMT] : [db88c17d-5e90-4fb1-9c3e-573fc9349475] : @azure/msal-common@13.1.0 : Verbose - RefreshTokenClientAcquireToken called @ https://myapps.microsoft.com/bundle/main.765b8a0d.js:1
[    3804ms] [LOG] [Wed, 27 May 2026 16:55:26 GMT] : @azure/msal-browser@2.37.1 : Info - @iamexperiences/feature-auth, message: getMsalAuth: calling acquireToken method. Enqueuing acquireTokenHelper call for: {"scopes":["https://graph.microsoft.com/CrossTenantInformation.ReadBasic.All"]} @ https://myapps.microsoft.com/bundle/main.765b8a0d.js:1
[    3808ms] [LOG] [Wed, 27 May 2026 16:55:26 GMT] : @azure/msal-browser@2.37.1 : Verbose - BrowserCacheManager.addAccountKeyToMap account key already exists in map @ https://myapps.microsoft.com/bundle/main.765b8a0d.js:1
[    3808ms] [LOG] [Wed, 27 May 2026 16:55:26 GMT] : @azure/msal-browser@2.37.1 : Info - BrowserCacheManager: addTokenKey - accessToken added to map @ https://myapps.microsoft.com/bundle/main.765b8a0d.js:1
[    3809ms] [LOG] [Wed, 27 May 2026 16:55:26 GMT] : @azure/msal-browser@2.37.1 : Info - Emitting event: msal:acquireTokenSuccess @ https://myapps.microsoft.com/bundle/main.765b8a0d.js:1
[    3809ms] [LOG] [Wed, 27 May 2026 16:55:26 GMT] : @azure/msal-browser@2.37.1 : Verbose - Emitting event to callback 35b70c3c-d0fa-48bb-a8dd-012b5b7f5a67: msal:acquireTokenSuccess @ https://myapps.microsoft.com/bundle/main.765b8a0d.js:1
[    3809ms] [LOG] [Wed, 27 May 2026 16:55:26 GMT] : @azure/msal-browser@2.37.1 : Info - @iamexperiences/feature-auth, message: getMsalAuth: storing latest account to browser storage @ https://myapps.microsoft.com/bundle/main.765b8a0d.js:1
[    3809ms] [LOG] [Wed, 27 May 2026 16:55:26 GMT] : @azure/msal-browser@2.37.1 : Info - @iamexperiences/feature-auth, message: getMsalAuth: Track new active account 456213cf-7073-47c6-bf49-41b654ad449b, 
          eventType: msal:acquireTokenSuccess, interactionType: silent @ https://myapps.microsoft.com/bundle/main.765b8a0d.js:1
[    3809ms] [LOG] [Wed, 27 May 2026 16:55:26 GMT] : @azure/msal-browser@2.37.1 : Verbose - setActiveAccount: Active account set @ https://myapps.microsoft.com/bundle/main.765b8a0d.js:1
[    3809ms] [LOG] [Wed, 27 May 2026 16:55:26 GMT] : @azure/msal-browser@2.37.1 : Verbose - Emitting event to callback c7e2bf09-999d-4c7b-951b-0bfe99d096ed: msal:acquireTokenSuccess @ https://myapps.microsoft.com/bundle/main.765b8a0d.js:1
[    3809ms] [LOG] [Wed, 27 May 2026 16:55:26 GMT] : @azure/msal-browser@2.37.1 : Verbose - getAllAccounts called @ https://myapps.microsoft.com/bundle/main.765b8a0d.js:1
[    3809ms] [LOG] [Wed, 27 May 2026 16:55:26 GMT] : @azure/msal-common@13.1.0 : Info - CacheManager:getIdToken - Returning id token @ https://myapps.microsoft.com/bundle/main.765b8a0d.js:1
[    3810ms] [LOG] [Wed, 27 May 2026 16:55:26 GMT] : @azure/msal-browser@2.37.1 : Verbose - Emitting event to callback 5a7d7d61-2464-4db7-989a-01a3299a560d: msal:acquireTokenSuccess @ https://myapps.microsoft.com/bundle/main.765b8a0d.js:1
[    3810ms] [LOG] [Wed, 27 May 2026 16:55:26 GMT] : [db88c17d-5e90-4fb1-9c3e-573fc9349475] : @azure/msal-browser@2.37.1 : Verbose - PerformanceClient: Emitting performance events @ https://myapps.microsoft.com/bundle/main.765b8a0d.js:1
[    3810ms] [LOG] [Wed, 27 May 2026 16:55:26 GMT] : [db88c17d-5e90-4fb1-9c3e-573fc9349475] : @azure/msal-browser@2.37.1 : Verbose - PerformanceTelemetryReporter: Emitting telemetry for acquireTokenSilent @ https://myapps.microsoft.com/bundle/main.765b8a0d.js:1
[    3810ms] [LOG] [Wed, 27 May 2026 16:55:26 GMT] : @azure/msal-browser@2.37.1 : Verbose - PerformanceTelemetryReporter: Sending acquireTokenSilent for tracking @ https://myapps.microsoft.com/bundle/main.765b8a0d.js:1
[    3810ms] [LOG] [Wed, 27 May 2026 16:55:26 GMT] : @azure/msal-common@13.1.0 : Info - CacheManager:getIdToken - Returning id token @ https://myapps.microsoft.com/bundle/main.765b8a0d.js:1
[    3810ms] [LOG] [Wed, 27 May 2026 16:55:26 GMT] : @azure/msal-browser@2.37.1 : Info - @iamexperiences/feature-auth, message: getMsalAuth: calling acquireTokenHelper method {"authority":"https://login.microsoftonline.com/456213cf-7073-47c6-bf49-41b654ad449b/","scopes":["2793995e-0a7d-40d7-bd35-6968ba142197/.default"],"redirectUri":"https://myapps.microsoft.com/blank.html"} @ https://myapps.microsoft.com/bundle/main.765b8a0d.js:1
[    3810ms] [LOG] [Wed, 27 May 2026 16:55:26 GMT] : @azure/msal-browser@2.37.1 : Verbose - preflightBrowserEnvironmentCheck started @ https://myapps.microsoft.com/bundle/main.765b8a0d.js:1
[    3810ms] [LOG] [Wed, 27 May 2026 16:55:26 GMT] : [27ceeb15-42f6-4493-ab2c-d8c386ec3fd1] : @azure/msal-browser@2.37.1 : Verbose - acquireTokenSilent called @ https://myapps.microsoft.com/bundle/main.765b8a0d.js:1
[    3811ms] [LOG] [Wed, 27 May 2026 16:55:26 GMT] : @azure/msal-common@13.1.0 : Info - CacheManager:getIdToken - Returning id token @ https://myapps.microsoft.com/bundle/main.765b8a0d.js:1
[    3811ms] [LOG] [Wed, 27 May 2026 16:55:26 GMT] : [27ceeb15-42f6-4493-ab2c-d8c386ec3fd1] : @azure/msal-browser@2.37.1 : Verbose - acquireTokenSilent called for the first time, storing active request @ https://myapps.microsoft.com/bundle/main.765b8a0d.js:1
[    3811ms] [LOG] [Wed, 27 May 2026 16:55:26 GMT] : @azure/msal-browser@2.37.1 : Info - Emitting event: msal:acquireTokenStart @ https://myapps.microsoft.com/bundle/main.765b8a0d.js:1
[    3811ms] [LOG] [Wed, 27 May 2026 16:55:26 GMT] : @azure/msal-browser@2.37.1 : Verbose - Emitting event to callback 35b70c3c-d0fa-48bb-a8dd-012b5b7f5a67: msal:acquireTokenStart @ https://myapps.microsoft.com/bundle/main.765b8a0d.js:1
[    3811ms] [LOG] [Wed, 27 May 2026 16:55:26 GMT] : @azure/msal-browser@2.37.1 : Verbose - Emitting event to callback c7e2bf09-999d-4c7b-951b-0bfe99d096ed: msal:acquireTokenStart @ https://myapps.microsoft.com/bundle/main.765b8a0d.js:1
[    3811ms] [LOG] [Wed, 27 May 2026 16:55:26 GMT] : @azure/msal-browser@2.37.1 : Verbose - getAllAccounts called @ https://myapps.microsoft.com/bundle/main.765b8a0d.js:1
[    3811ms] [LOG] [Wed, 27 May 2026 16:55:26 GMT] : @azure/msal-common@13.1.0 : Info - CacheManager:getIdToken - Returning id token @ https://myapps.microsoft.com/bundle/main.765b8a0d.js:1
[    3811ms] [LOG] [Wed, 27 May 2026 16:55:26 GMT] : @azure/msal-browser@2.37.1 : Verbose - Emitting event to callback 5a7d7d61-2464-4db7-989a-01a3299a560d: msal:acquireTokenStart @ https://myapps.microsoft.com/bundle/main.765b8a0d.js:1
[    3811ms] [LOG] [Wed, 27 May 2026 16:55:26 GMT] : @azure/msal-browser@2.37.1 : Verbose - acquireTokenSilent - attempting to acquire token from web flow @ https://myapps.microsoft.com/bundle/main.765b8a0d.js:1
[    3811ms] [LOG] [Wed, 27 May 2026 16:55:26 GMT] : [27ceeb15-42f6-4493-ab2c-d8c386ec3fd1] : msal.js.browser@2.37.1 : Verbose - Initializing BaseAuthRequest @ https://myapps.microsoft.com/bundle/main.765b8a0d.js:1
[    3811ms] [LOG] [Wed, 27 May 2026 16:55:26 GMT] : [27ceeb15-42f6-4493-ab2c-d8c386ec3fd1] : msal.js.browser@2.37.1 : Verbose - getDiscoveredAuthority called @ https://myapps.microsoft.com/bundle/main.765b8a0d.js:1
[    3811ms] [LOG] [Wed, 27 May 2026 16:55:26 GMT] : [27ceeb15-42f6-4493-ab2c-d8c386ec3fd1] : msal.js.browser@2.37.1 : Verbose - Creating discovered authority with configured authority @ https://myapps.microsoft.com/bundle/main.765b8a0d.js:1
[    3811ms] [LOG] [Wed, 27 May 2026 16:55:26 GMT] : [27ceeb15-42f6-4493-ab2c-d8c386ec3fd1] : msal.js.browser@2.37.1 : Verbose - Attempting to get cloud discovery metadata in the config @ https://myapps.microsoft.com/bundle/main.765b8a0d.js:1
[    3812ms] [LOG] [Wed, 27 May 2026 16:55:26 GMT] : [27ceeb15-42f6-4493-ab2c-d8c386ec3fd1] : msal.js.browser@2.37.1 : Verbose - Did not find cloud discovery metadata in the config... Attempting to get cloud discovery metadata from the cache. @ https://myapps.microsoft.com/bundle/main.765b8a0d.js:1
[    3812ms] [LOG] [Wed, 27 May 2026 16:55:26 GMT] : [27ceeb15-42f6-4493-ab2c-d8c386ec3fd1] : msal.js.browser@2.37.1 : Verbose - Found metadata in the cache. @ https://myapps.microsoft.com/bundle/main.765b8a0d.js:1
[    3812ms] [LOG] [Wed, 27 May 2026 16:55:26 GMT] : [27ceeb15-42f6-4493-ab2c-d8c386ec3fd1] : msal.js.browser@2.37.1 : Verbose - Authentication Scheme wasn't explicitly set in request, defaulting to "Bearer" request @ https://myapps.microsoft.com/bundle/main.765b8a0d.js:1
[    3812ms] [LOG] [Wed, 27 May 2026 16:55:26 GMT] : [27ceeb15-42f6-4493-ab2c-d8c386ec3fd1] : msal.js.browser@2.37.1 : Verbose - initializeServerTelemetryManager called @ https://myapps.microsoft.com/bundle/main.765b8a0d.js:1
[    3812ms] [LOG] [Wed, 27 May 2026 16:55:26 GMT] : [27ceeb15-42f6-4493-ab2c-d8c386ec3fd1] : msal.js.browser@2.37.1 : Verbose - getClientConfiguration called @ https://myapps.microsoft.com/bundle/main.765b8a0d.js:1
[    3812ms] [LOG] [Wed, 27 May 2026 16:55:26 GMT] : [27ceeb15-42f6-4493-ab2c-d8c386ec3fd1] : msal.js.browser@2.37.1 : Verbose - getDiscoveredAuthority called @ https://myapps.microsoft.com/bundle/main.765b8a0d.js:1
[    3812ms] [LOG] [Wed, 27 May 2026 16:55:26 GMT] : [27ceeb15-42f6-4493-ab2c-d8c386ec3fd1] : msal.js.browser@2.37.1 : Verbose - Creating discovered authority with configured authority @ https://myapps.microsoft.com/bundle/main.765b8a0d.js:1
[    3812ms] [LOG] [Wed, 27 May 2026 16:55:26 GMT] : [27ceeb15-42f6-4493-ab2c-d8c386ec3fd1] : msal.js.browser@2.37.1 : Verbose - Attempting to get cloud discovery metadata in the config @ https://myapps.microsoft.com/bundle/main.765b8a0d.js:1
[    3812ms] [LOG] [Wed, 27 May 2026 16:55:26 GMT] : [27ceeb15-42f6-4493-ab2c-d8c386ec3fd1] : msal.js.browser@2.37.1 : Verbose - Did not find cloud discovery metadata in the config... Attempting to get cloud discovery metadata from the cache. @ https://myapps.microsoft.com/bundle/main.765b8a0d.js:1
[    3812ms] [LOG] [Wed, 27 May 2026 16:55:26 GMT] : [27ceeb15-42f6-4493-ab2c-d8c386ec3fd1] : msal.js.browser@2.37.1 : Verbose - Found metadata in the cache. @ https://myapps.microsoft.com/bundle/main.765b8a0d.js:1
[    3812ms] [LOG] [Wed, 27 May 2026 16:55:26 GMT] : [27ceeb15-42f6-4493-ab2c-d8c386ec3fd1] : msal.js.browser@2.37.1 : Verbose - Silent auth client created @ https://myapps.microsoft.com/bundle/main.765b8a0d.js:1
[    3812ms] [LOG] [Wed, 27 May 2026 16:55:26 GMT] : @azure/msal-common@13.1.0 : Info - CacheManager:getIdToken - Returning id token @ https://myapps.microsoft.com/bundle/main.765b8a0d.js:1
[    3813ms] [LOG] [Wed, 27 May 2026 16:55:26 GMT] : @azure/msal-common@13.1.0 : Info - CacheManager:getAccessToken - Returning access token @ https://myapps.microsoft.com/bundle/main.765b8a0d.js:1
[    3813ms] [LOG] [Wed, 27 May 2026 16:55:26 GMT] : @azure/msal-common@13.1.0 : Info - CacheManager:getRefreshToken - returning refresh token @ https://myapps.microsoft.com/bundle/main.765b8a0d.js:1
[    3813ms] [LOG] [Wed, 27 May 2026 16:55:26 GMT] : @azure/msal-browser@2.37.1 : Info - Emitting event: msal:acquireTokenSuccess @ https://myapps.microsoft.com/bundle/main.765b8a0d.js:1
[    3813ms] [LOG] [Wed, 27 May 2026 16:55:26 GMT] : @azure/msal-browser@2.37.1 : Verbose - Emitting event to callback 35b70c3c-d0fa-48bb-a8dd-012b5b7f5a67: msal:acquireTokenSuccess @ https://myapps.microsoft.com/bundle/main.765b8a0d.js:1
[    3813ms] [LOG] [Wed, 27 May 2026 16:55:26 GMT] : @azure/msal-browser@2.37.1 : Info - @iamexperiences/feature-auth, message: getMsalAuth: storing latest account to browser storage @ https://myapps.microsoft.com/bundle/main.765b8a0d.js:1
[    3814ms] [LOG] [Wed, 27 May 2026 16:55:26 GMT] : @azure/msal-browser@2.37.1 : Info - @iamexperiences/feature-auth, message: getMsalAuth: Track new active account 456213cf-7073-47c6-bf49-41b654ad449b, 
          eventType: msal:acquireTokenSuccess, interactionType: silent @ https://myapps.microsoft.com/bundle/main.765b8a0d.js:1
[    3814ms] [LOG] [Wed, 27 May 2026 16:55:26 GMT] : @azure/msal-browser@2.37.1 : Verbose - setActiveAccount: Active account set @ https://myapps.microsoft.com/bundle/main.765b8a0d.js:1
[    3814ms] [LOG] [Wed, 27 May 2026 16:55:26 GMT] : @azure/msal-browser@2.37.1 : Verbose - Emitting event to callback c7e2bf09-999d-4c7b-951b-0bfe99d096ed: msal:acquireTokenSuccess @ https://myapps.microsoft.com/bundle/main.765b8a0d.js:1
[    3814ms] [LOG] [Wed, 27 May 2026 16:55:26 GMT] : @azure/msal-browser@2.37.1 : Verbose - getAllAccounts called @ https://myapps.microsoft.com/bundle/main.765b8a0d.js:1
[    3814ms] [LOG] [Wed, 27 May 2026 16:55:26 GMT] : @azure/msal-common@13.1.0 : Info - CacheManager:getIdToken - Returning id token @ https://myapps.microsoft.com/bundle/main.765b8a0d.js:1
[    3814ms] [LOG] [Wed, 27 May 2026 16:55:26 GMT] : @azure/msal-browser@2.37.1 : Verbose - Emitting event to callback 5a7d7d61-2464-4db7-989a-01a3299a560d: msal:acquireTokenSuccess @ https://myapps.microsoft.com/bundle/main.765b8a0d.js:1
[    3814ms] [LOG] [Wed, 27 May 2026 16:55:26 GMT] : [27ceeb15-42f6-4493-ab2c-d8c386ec3fd1] : @azure/msal-browser@2.37.1 : Verbose - PerformanceClient: Emitting performance events @ https://myapps.microsoft.com/bundle/main.765b8a0d.js:1
[    3814ms] [LOG] [Wed, 27 May 2026 16:55:26 GMT] : [27ceeb15-42f6-4493-ab2c-d8c386ec3fd1] : @azure/msal-browser@2.37.1 : Verbose - PerformanceTelemetryReporter: Emitting telemetry for acquireTokenSilent @ https://myapps.microsoft.com/bundle/main.765b8a0d.js:1
[    3814ms] [LOG] [Wed, 27 May 2026 16:55:26 GMT] : @azure/msal-browser@2.37.1 : Verbose - PerformanceTelemetryReporter: Sending acquireTokenSilent for tracking @ https://myapps.microsoft.com/bundle/main.765b8a0d.js:1
[    3814ms] [LOG] [Wed, 27 May 2026 16:55:26 GMT] : @azure/msal-common@13.1.0 : Info - CacheManager:getIdToken - Returning id token @ https://myapps.microsoft.com/bundle/main.765b8a0d.js:1
[    3814ms] [LOG] [Wed, 27 May 2026 16:55:26 GMT] : @azure/msal-browser@2.37.1 : Info - @iamexperiences/feature-auth, message: getMsalAuth: calling acquireTokenHelper method {"authority":"https://login.microsoftonline.com/456213cf-7073-47c6-bf49-41b654ad449b/","scopes":["2793995e-0a7d-40d7-bd35-6968ba142197/.default"],"redirectUri":"https://myapps.microsoft.com/blank.html"} @ https://myapps.microsoft.com/bundle/main.765b8a0d.js:1
[    3815ms] [LOG] [Wed, 27 May 2026 16:55:26 GMT] : @azure/msal-browser@2.37.1 : Verbose - preflightBrowserEnvironmentCheck started @ https://myapps.microsoft.com/bundle/main.765b8a0d.js:1
[    3815ms] [LOG] [Wed, 27 May 2026 16:55:26 GMT] : [b1e19553-8cd6-4aec-9cc5-42fd192438ca] : @azure/msal-browser@2.37.1 : Verbose - acquireTokenSilent called @ https://myapps.microsoft.com/bundle/main.765b8a0d.js:1
[    3815ms] [LOG] [Wed, 27 May 2026 16:55:26 GMT] : @azure/msal-common@13.1.0 : Info - CacheManager:getIdToken - Returning id token @ https://myapps.microsoft.com/bundle/main.765b8a0d.js:1
[    3815ms] [LOG] [Wed, 27 May 2026 16:55:26 GMT] : [b1e19553-8cd6-4aec-9cc5-42fd192438ca] : @azure/msal-browser@2.37.1 : Verbose - acquireTokenSilent called for the first time, storing active request @ https://myapps.microsoft.com/bundle/main.765b8a0d.js:1
[    3815ms] [LOG] [Wed, 27 May 2026 16:55:26 GMT] : @azure/msal-browser@2.37.1 : Info - Emitting event: msal:acquireTokenStart @ https://myapps.microsoft.com/bundle/main.765b8a0d.js:1
[    3815ms] [LOG] [Wed, 27 May 2026 16:55:26 GMT] : @azure/msal-browser@2.37.1 : Verbose - Emitting event to callback 35b70c3c-d0fa-48bb-a8dd-012b5b7f5a67: msal:acquireTokenStart @ https://myapps.microsoft.com/bundle/main.765b8a0d.js:1
[    3815ms] [LOG] [Wed, 27 May 2026 16:55:26 GMT] : @azure/msal-browser@2.37.1 : Verbose - Emitting event to callback c7e2bf09-999d-4c7b-951b-0bfe99d096ed: msal:acquireTokenStart @ https://myapps.microsoft.com/bundle/main.765b8a0d.js:1
[    3815ms] [LOG] [Wed, 27 May 2026 16:55:26 GMT] : @azure/msal-browser@2.37.1 : Verbose - getAllAccounts called @ https://myapps.microsoft.com/bundle/main.765b8a0d.js:1
[    3815ms] [LOG] [Wed, 27 May 2026 16:55:26 GMT] : @azure/msal-common@13.1.0 : Info - CacheManager:getIdToken - Returning id token @ https://myapps.microsoft.com/bundle/main.765b8a0d.js:1
[    3815ms] [LOG] [Wed, 27 May 2026 16:55:26 GMT] : @azure/msal-browser@2.37.1 : Verbose - Emitting event to callback 5a7d7d61-2464-4db7-989a-01a3299a560d: msal:acquireTokenStart @ https://myapps.microsoft.com/bundle/main.765b8a0d.js:1
[    3815ms] [LOG] [Wed, 27 May 2026 16:55:26 GMT] : @azure/msal-browser@2.37.1 : Verbose - acquireTokenSilent - attempting to acquire token from web flow @ https://myapps.microsoft.com/bundle/main.765b8a0d.js:1
[    3815ms] [LOG] [Wed, 27 May 2026 16:55:26 GMT] : [b1e19553-8cd6-4aec-9cc5-42fd192438ca] : msal.js.browser@2.37.1 : Verbose - Initializing BaseAuthRequest @ https://myapps.microsoft.com/bundle/main.765b8a0d.js:1
[    3816ms] [LOG] [Wed, 27 May 2026 16:55:26 GMT] : [b1e19553-8cd6-4aec-9cc5-42fd192438ca] : msal.js.browser@2.37.1 : Verbose - getDiscoveredAuthority called @ https://myapps.microsoft.com/bundle/main.765b8a0d.js:1
[    3816ms] [LOG] [Wed, 27 May 2026 16:55:26 GMT] : [b1e19553-8cd6-4aec-9cc5-42fd192438ca] : msal.js.browser@2.37.1 : Verbose - Creating discovered authority with configured authority @ https://myapps.microsoft.com/bundle/main.765b8a0d.js:1
[    3816ms] [LOG] [Wed, 27 May 2026 16:55:26 GMT] : [b1e19553-8cd6-4aec-9cc5-42fd192438ca] : msal.js.browser@2.37.1 : Verbose - Attempting to get cloud discovery metadata in the config @ https://myapps.microsoft.com/bundle/main.765b8a0d.js:1
[    3816ms] [LOG] [Wed, 27 May 2026 16:55:26 GMT] : [b1e19553-8cd6-4aec-9cc5-42fd192438ca] : msal.js.browser@2.37.1 : Verbose - Did not find cloud discovery metadata in the config... Attempting to get cloud discovery metadata from the cache. @ https://myapps.microsoft.com/bundle/main.765b8a0d.js:1
[    3816ms] [LOG] [Wed, 27 May 2026 16:55:26 GMT] : [b1e19553-8cd6-4aec-9cc5-42fd192438ca] : msal.js.browser@2.37.1 : Verbose - Found metadata in the cache. @ https://myapps.microsoft.com/bundle/main.765b8a0d.js:1
[    3816ms] [LOG] [Wed, 27 May 2026 16:55:26 GMT] : [b1e19553-8cd6-4aec-9cc5-42fd192438ca] : msal.js.browser@2.37.1 : Verbose - Authentication Scheme wasn't explicitly set in request, defaulting to "Bearer" request @ https://myapps.microsoft.com/bundle/main.765b8a0d.js:1
[    3816ms] [LOG] [Wed, 27 May 2026 16:55:26 GMT] : [b1e19553-8cd6-4aec-9cc5-42fd192438ca] : msal.js.browser@2.37.1 : Verbose - initializeServerTelemetryManager called @ https://myapps.microsoft.com/bundle/main.765b8a0d.js:1
[    3816ms] [LOG] [Wed, 27 May 2026 16:55:26 GMT] : [b1e19553-8cd6-4aec-9cc5-42fd192438ca] : msal.js.browser@2.37.1 : Verbose - getClientConfiguration called @ https://myapps.microsoft.com/bundle/main.765b8a0d.js:1
[    3816ms] [LOG] [Wed, 27 May 2026 16:55:26 GMT] : [b1e19553-8cd6-4aec-9cc5-42fd192438ca] : msal.js.browser@2.37.1 : Verbose - getDiscoveredAuthority called @ https://myapps.microsoft.com/bundle/main.765b8a0d.js:1
[    3816ms] [LOG] [Wed, 27 May 2026 16:55:26 GMT] : [b1e19553-8cd6-4aec-9cc5-42fd192438ca] : msal.js.browser@2.37.1 : Verbose - Creating discovered authority with configured authority @ https://myapps.microsoft.com/bundle/main.765b8a0d.js:1
[    3816ms] [LOG] [Wed, 27 May 2026 16:55:26 GMT] : [b1e19553-8cd6-4aec-9cc5-42fd192438ca] : msal.js.browser@2.37.1 : Verbose - Attempting to get cloud discovery metadata in the config @ https://myapps.microsoft.com/bundle/main.765b8a0d.js:1
[    3816ms] [LOG] [Wed, 27 May 2026 16:55:26 GMT] : [b1e19553-8cd6-4aec-9cc5-42fd192438ca] : msal.js.browser@2.37.1 : Verbose - Did not find cloud discovery metadata in the config... Attempting to get cloud discovery metadata from the cache. @ https://myapps.microsoft.com/bundle/main.765b8a0d.js:1
[    3816ms] [LOG] [Wed, 27 May 2026 16:55:26 GMT] : [b1e19553-8cd6-4aec-9cc5-42fd192438ca] : msal.js.browser@2.37.1 : Verbose - Found metadata in the cache. @ https://myapps.microsoft.com/bundle/main.765b8a0d.js:1
[    3817ms] [LOG] [Wed, 27 May 2026 16:55:26 GMT] : [b1e19553-8cd6-4aec-9cc5-42fd192438ca] : msal.js.browser@2.37.1 : Verbose - Silent auth client created @ https://myapps.microsoft.com/bundle/main.765b8a0d.js:1
[    3817ms] [LOG] [Wed, 27 May 2026 16:55:26 GMT] : @azure/msal-common@13.1.0 : Info - CacheManager:getIdToken - Returning id token @ https://myapps.microsoft.com/bundle/main.765b8a0d.js:1
[    3817ms] [LOG] [Wed, 27 May 2026 16:55:26 GMT] : @azure/msal-common@13.1.0 : Info - CacheManager:getAccessToken - Returning access token @ https://myapps.microsoft.com/bundle/main.765b8a0d.js:1
[    3817ms] [LOG] [Wed, 27 May 2026 16:55:26 GMT] : @azure/msal-common@13.1.0 : Info - CacheManager:getRefreshToken - returning refresh token @ https://myapps.microsoft.com/bundle/main.765b8a0d.js:1
[    3817ms] [LOG] [Wed, 27 May 2026 16:55:26 GMT] : @azure/msal-browser@2.37.1 : Info - Emitting event: msal:acquireTokenSuccess @ https://myapps.microsoft.com/bundle/main.765b8a0d.js:1
[    3817ms] [LOG] [Wed, 27 May 2026 16:55:26 GMT] : @azure/msal-browser@2.37.1 : Verbose - Emitting event to callback 35b70c3c-d0fa-48bb-a8dd-012b5b7f5a67: msal:acquireTokenSuccess @ https://myapps.microsoft.com/bundle/main.765b8a0d.js:1
[    3817ms] [LOG] [Wed, 27 May 2026 16:55:26 GMT] : @azure/msal-browser@2.37.1 : Info - @iamexperiences/feature-auth, message: getMsalAuth: storing latest account to browser storage @ https://myapps.microsoft.com/bundle/main.765b8a0d.js:1
[    3818ms] [LOG] [Wed, 27 May 2026 16:55:26 GMT] : @azure/msal-browser@2.37.1 : Info - @iamexperiences/feature-auth, message: getMsalAuth: Track new active account 456213cf-7073-47c6-bf49-41b654ad449b, 
          eventType: msal:acquireTokenSuccess, interactionType: silent @ https://myapps.microsoft.com/bundle/main.765b8a0d.js:1
[    3818ms] [LOG] [Wed, 27 May 2026 16:55:26 GMT] : @azure/msal-browser@2.37.1 : Verbose - setActiveAccount: Active account set @ https://myapps.microsoft.com/bundle/main.765b8a0d.js:1
[    3818ms] [LOG] [Wed, 27 May 2026 16:55:26 GMT] : @azure/msal-browser@2.37.1 : Verbose - Emitting event to callback c7e2bf09-999d-4c7b-951b-0bfe99d096ed: msal:acquireTokenSuccess @ https://myapps.microsoft.com/bundle/main.765b8a0d.js:1
[    3818ms] [LOG] [Wed, 27 May 2026 16:55:26 GMT] : @azure/msal-browser@2.37.1 : Verbose - getAllAccounts called @ https://myapps.microsoft.com/bundle/main.765b8a0d.js:1
[    3818ms] [LOG] [Wed, 27 May 2026 16:55:26 GMT] : @azure/msal-common@13.1.0 : Info - CacheManager:getIdToken - Returning id token @ https://myapps.microsoft.com/bundle/main.765b8a0d.js:1
[    3818ms] [LOG] [Wed, 27 May 2026 16:55:26 GMT] : @azure/msal-browser@2.37.1 : Verbose - Emitting event to callback 5a7d7d61-2464-4db7-989a-01a3299a560d: msal:acquireTokenSuccess @ https://myapps.microsoft.com/bundle/main.765b8a0d.js:1
[    3818ms] [LOG] [Wed, 27 May 2026 16:55:26 GMT] : [b1e19553-8cd6-4aec-9cc5-42fd192438ca] : @azure/msal-browser@2.37.1 : Verbose - PerformanceClient: Emitting performance events @ https://myapps.microsoft.com/bundle/main.765b8a0d.js:1
[    3818ms] [LOG] [Wed, 27 May 2026 16:55:26 GMT] : [b1e19553-8cd6-4aec-9cc5-42fd192438ca] : @azure/msal-browser@2.37.1 : Verbose - PerformanceTelemetryReporter: Emitting telemetry for acquireTokenSilent @ https://myapps.microsoft.com/bundle/main.765b8a0d.js:1
[    3818ms] [LOG] [Wed, 27 May 2026 16:55:26 GMT] : @azure/msal-browser@2.37.1 : Verbose - PerformanceTelemetryReporter: Sending acquireTokenSilent for tracking @ https://myapps.microsoft.com/bundle/main.765b8a0d.js:1
[    3819ms] [LOG] [Wed, 27 May 2026 16:55:26 GMT] : @azure/msal-common@13.1.0 : Info - CacheManager:getIdToken - Returning id token @ https://myapps.microsoft.com/bundle/main.765b8a0d.js:1
[    3819ms] [LOG] [Wed, 27 May 2026 16:55:26 GMT] : @azure/msal-browser@2.37.1 : Info - @iamexperiences/feature-auth, message: getMsalAuth: calling acquireTokenHelper method {"authority":"https://login.microsoftonline.com/456213cf-7073-47c6-bf49-41b654ad449b/","scopes":["2793995e-0a7d-40d7-bd35-6968ba142197/.default"],"redirectUri":"https://myapps.microsoft.com/blank.html"} @ https://myapps.microsoft.com/bundle/main.765b8a0d.js:1
[    3819ms] [LOG] [Wed, 27 May 2026 16:55:26 GMT] : @azure/msal-browser@2.37.1 : Verbose - preflightBrowserEnvironmentCheck started @ https://myapps.microsoft.com/bundle/main.765b8a0d.js:1
[    3819ms] [LOG] [Wed, 27 May 2026 16:55:26 GMT] : [a6556849-3ba2-4b60-94e5-2267ef6eca5c] : @azure/msal-browser@2.37.1 : Verbose - acquireTokenSilent called @ https://myapps.microsoft.com/bundle/main.765b8a0d.js:1
[    3819ms] [LOG] [Wed, 27 May 2026 16:55:26 GMT] : @azure/msal-common@13.1.0 : Info - CacheManager:getIdToken - Returning id token @ https://myapps.microsoft.com/bundle/main.765b8a0d.js:1
[    3819ms] [LOG] [Wed, 27 May 2026 16:55:26 GMT] : [a6556849-3ba2-4b60-94e5-2267ef6eca5c] : @azure/msal-browser@2.37.1 : Verbose - acquireTokenSilent called for the first time, storing active request @ https://myapps.microsoft.com/bundle/main.765b8a0d.js:1
[    3819ms] [LOG] [Wed, 27 May 2026 16:55:26 GMT] : @azure/msal-browser@2.37.1 : Info - Emitting event: msal:acquireTokenStart @ https://myapps.microsoft.com/bundle/main.765b8a0d.js:1
[    3819ms] [LOG] [Wed, 27 May 2026 16:55:26 GMT] : @azure/msal-browser@2.37.1 : Verbose - Emitting event to callback 35b70c3c-d0fa-48bb-a8dd-012b5b7f5a67: msal:acquireTokenStart @ https://myapps.microsoft.com/bundle/main.765b8a0d.js:1
[    3819ms] [LOG] [Wed, 27 May 2026 16:55:26 GMT] : @azure/msal-browser@2.37.1 : Verbose - Emitting event to callback c7e2bf09-999d-4c7b-951b-0bfe99d096ed: msal:acquireTokenStart @ https://myapps.microsoft.com/bundle/main.765b8a0d.js:1
[    3820ms] [LOG] [Wed, 27 May 2026 16:55:26 GMT] : @azure/msal-browser@2.37.1 : Verbose - getAllAccounts called @ https://myapps.microsoft.com/bundle/main.765b8a0d.js:1
[    3820ms] [LOG] [Wed, 27 May 2026 16:55:26 GMT] : @azure/msal-common@13.1.0 : Info - CacheManager:getIdToken - Returning id token @ https://myapps.microsoft.com/bundle/main.765b8a0d.js:1
[    3820ms] [LOG] [Wed, 27 May 2026 16:55:26 GMT] : @azure/msal-browser@2.37.1 : Verbose - Emitting event to callback 5a7d7d61-2464-4db7-989a-01a3299a560d: msal:acquireTokenStart @ https://myapps.microsoft.com/bundle/main.765b8a0d.js:1
[    3820ms] [LOG] [Wed, 27 May 2026 16:55:26 GMT] : @azure/msal-browser@2.37.1 : Verbose - acquireTokenSilent - attempting to acquire token from web flow @ https://myapps.microsoft.com/bundle/main.765b8a0d.js:1
[    3820ms] [LOG] [Wed, 27 May 2026 16:55:26 GMT] : [a6556849-3ba2-4b60-94e5-2267ef6eca5c] : msal.js.browser@2.37.1 : Verbose - Initializing BaseAuthRequest @ https://myapps.microsoft.com/bundle/main.765b8a0d.js:1
[    3820ms] [LOG] [Wed, 27 May 2026 16:55:26 GMT] : [a6556849-3ba2-4b60-94e5-2267ef6eca5c] : msal.js.browser@2.37.1 : Verbose - getDiscoveredAuthority called @ https://myapps.microsoft.com/bundle/main.765b8a0d.js:1
[    3820ms] [LOG] [Wed, 27 May 2026 16:55:26 GMT] : [a6556849-3ba2-4b60-94e5-2267ef6eca5c] : msal.js.browser@2.37.1 : Verbose - Creating discovered authority with configured authority @ https://myapps.microsoft.com/bundle/main.765b8a0d.js:1
[    3820ms] [LOG] [Wed, 27 May 2026 16:55:26 GMT] : [a6556849-3ba2-4b60-94e5-2267ef6eca5c] : msal.js.browser@2.37.1 : Verbose - Attempting to get cloud discovery metadata in the config @ https://myapps.microsoft.com/bundle/main.765b8a0d.js:1
[    3820ms] [LOG] [Wed, 27 May 2026 16:55:26 GMT] : [a6556849-3ba2-4b60-94e5-2267ef6eca5c] : msal.js.browser@2.37.1 : Verbose - Did not find cloud discovery metadata in the config... Attempting to get cloud discovery metadata from the cache. @ https://myapps.microsoft.com/bundle/main.765b8a0d.js:1
[    3820ms] [LOG] [Wed, 27 May 2026 16:55:26 GMT] : [a6556849-3ba2-4b60-94e5-2267ef6eca5c] : msal.js.browser@2.37.1 : Verbose - Found metadata in the cache. @ https://myapps.microsoft.com/bundle/main.765b8a0d.js:1
[    3820ms] [LOG] [Wed, 27 May 2026 16:55:26 GMT] : [a6556849-3ba2-4b60-94e5-2267ef6eca5c] : msal.js.browser@2.37.1 : Verbose - Authentication Scheme wasn't explicitly set in request, defaulting to "Bearer" request @ https://myapps.microsoft.com/bundle/main.765b8a0d.js:1
[    3820ms] [LOG] [Wed, 27 May 2026 16:55:26 GMT] : [a6556849-3ba2-4b60-94e5-2267ef6eca5c] : msal.js.browser@2.37.1 : Verbose - initializeServerTelemetryManager called @ https://myapps.microsoft.com/bundle/main.765b8a0d.js:1
[    3820ms] [LOG] [Wed, 27 May 2026 16:55:26 GMT] : [a6556849-3ba2-4b60-94e5-2267ef6eca5c] : msal.js.browser@2.37.1 : Verbose - getClientConfiguration called @ https://myapps.microsoft.com/bundle/main.765b8a0d.js:1
[    3820ms] [LOG] [Wed, 27 May 2026 16:55:26 GMT] : [a6556849-3ba2-4b60-94e5-2267ef6eca5c] : msal.js.browser@2.37.1 : Verbose - getDiscoveredAuthority called @ https://myapps.microsoft.com/bundle/main.765b8a0d.js:1
[    3820ms] [LOG] [Wed, 27 May 2026 16:55:26 GMT] : [a6556849-3ba2-4b60-94e5-2267ef6eca5c] : msal.js.browser@2.37.1 : Verbose - Creating discovered authority with configured authority @ https://myapps.microsoft.com/bundle/main.765b8a0d.js:1
[    3820ms] [LOG] [Wed, 27 May 2026 16:55:26 GMT] : [a6556849-3ba2-4b60-94e5-2267ef6eca5c] : msal.js.browser@2.37.1 : Verbose - Attempting to get cloud discovery metadata in the config @ https://myapps.microsoft.com/bundle/main.765b8a0d.js:1
[    3820ms] [LOG] [Wed, 27 May 2026 16:55:26 GMT] : [a6556849-3ba2-4b60-94e5-2267ef6eca5c] : msal.js.browser@2.37.1 : Verbose - Did not find cloud discovery metadata in the config... Attempting to get cloud discovery metadata from the cache. @ https://myapps.microsoft.com/bundle/main.765b8a0d.js:1
[    3821ms] [LOG] [Wed, 27 May 2026 16:55:26 GMT] : [a6556849-3ba2-4b60-94e5-2267ef6eca5c] : msal.js.browser@2.37.1 : Verbose - Found metadata in the cache. @ https://myapps.microsoft.com/bundle/main.765b8a0d.js:1
[    3821ms] [LOG] [Wed, 27 May 2026 16:55:26 GMT] : [a6556849-3ba2-4b60-94e5-2267ef6eca5c] : msal.js.browser@2.37.1 : Verbose - Silent auth client created @ https://myapps.microsoft.com/bundle/main.765b8a0d.js:1
[    3821ms] [LOG] [Wed, 27 May 2026 16:55:26 GMT] : @azure/msal-common@13.1.0 : Info - CacheManager:getIdToken - Returning id token @ https://myapps.microsoft.com/bundle/main.765b8a0d.js:1
[    3821ms] [LOG] [Wed, 27 May 2026 16:55:26 GMT] : @azure/msal-common@13.1.0 : Info - CacheManager:getAccessToken - Returning access token @ https://myapps.microsoft.com/bundle/main.765b8a0d.js:1
[    3821ms] [LOG] [Wed, 27 May 2026 16:55:26 GMT] : @azure/msal-common@13.1.0 : Info - CacheManager:getRefreshToken - returning refresh token @ https://myapps.microsoft.com/bundle/main.765b8a0d.js:1
[    3821ms] [LOG] [Wed, 27 May 2026 16:55:26 GMT] : @azure/msal-browser@2.37.1 : Info - Emitting event: msal:acquireTokenSuccess @ https://myapps.microsoft.com/bundle/main.765b8a0d.js:1
[    3822ms] [LOG] [Wed, 27 May 2026 16:55:26 GMT] : @azure/msal-browser@2.37.1 : Verbose - Emitting event to callback 35b70c3c-d0fa-48bb-a8dd-012b5b7f5a67: msal:acquireTokenSuccess @ https://myapps.microsoft.com/bundle/main.765b8a0d.js:1
[    3822ms] [LOG] [Wed, 27 May 2026 16:55:26 GMT] : @azure/msal-browser@2.37.1 : Info - @iamexperiences/feature-auth, message: getMsalAuth: storing latest account to browser storage @ https://myapps.microsoft.com/bundle/main.765b8a0d.js:1
[    3822ms] [LOG] [Wed, 27 May 2026 16:55:26 GMT] : @azure/msal-browser@2.37.1 : Info - @iamexperiences/feature-auth, message: getMsalAuth: Track new active account 456213cf-7073-47c6-bf49-41b654ad449b, 
          eventType: msal:acquireTokenSuccess, interactionType: silent @ https://myapps.microsoft.com/bundle/main.765b8a0d.js:1
[    3822ms] [LOG] [Wed, 27 May 2026 16:55:26 GMT] : @azure/msal-browser@2.37.1 : Verbose - setActiveAccount: Active account set @ https://myapps.microsoft.com/bundle/main.765b8a0d.js:1
[    3822ms] [LOG] [Wed, 27 May 2026 16:55:26 GMT] : @azure/msal-browser@2.37.1 : Verbose - Emitting event to callback c7e2bf09-999d-4c7b-951b-0bfe99d096ed: msal:acquireTokenSuccess @ https://myapps.microsoft.com/bundle/main.765b8a0d.js:1
[    3822ms] [LOG] [Wed, 27 May 2026 16:55:26 GMT] : @azure/msal-browser@2.37.1 : Verbose - getAllAccounts called @ https://myapps.microsoft.com/bundle/main.765b8a0d.js:1
[    3822ms] [LOG] [Wed, 27 May 2026 16:55:26 GMT] : @azure/msal-common@13.1.0 : Info - CacheManager:getIdToken - Returning id token @ https://myapps.microsoft.com/bundle/main.765b8a0d.js:1
[    3822ms] [LOG] [Wed, 27 May 2026 16:55:26 GMT] : @azure/msal-browser@2.37.1 : Verbose - Emitting event to callback 5a7d7d61-2464-4db7-989a-01a3299a560d: msal:acquireTokenSuccess @ https://myapps.microsoft.com/bundle/main.765b8a0d.js:1
[    3822ms] [LOG] [Wed, 27 May 2026 16:55:26 GMT] : [a6556849-3ba2-4b60-94e5-2267ef6eca5c] : @azure/msal-browser@2.37.1 : Verbose - PerformanceClient: Emitting performance events @ https://myapps.microsoft.com/bundle/main.765b8a0d.js:1
[    3822ms] [LOG] [Wed, 27 May 2026 16:55:26 GMT] : [a6556849-3ba2-4b60-94e5-2267ef6eca5c] : @azure/msal-browser@2.37.1 : Verbose - PerformanceTelemetryReporter: Emitting telemetry for acquireTokenSilent @ https://myapps.microsoft.com/bundle/main.765b8a0d.js:1
[    3822ms] [LOG] [Wed, 27 May 2026 16:55:26 GMT] : @azure/msal-browser@2.37.1 : Verbose - PerformanceTelemetryReporter: Sending acquireTokenSilent for tracking @ https://myapps.microsoft.com/bundle/main.765b8a0d.js:1
[    3823ms] [LOG] [Wed, 27 May 2026 16:55:26 GMT] : @azure/msal-common@13.1.0 : Info - CacheManager:getIdToken - Returning id token @ https://myapps.microsoft.com/bundle/main.765b8a0d.js:1
[    3823ms] [LOG] [Wed, 27 May 2026 16:55:26 GMT] : @azure/msal-browser@2.37.1 : Info - @iamexperiences/feature-auth, message: getMsalAuth: calling acquireTokenHelper method {"authority":"https://login.microsoftonline.com/456213cf-7073-47c6-bf49-41b654ad449b/","scopes":["https://graph.microsoft.com/.default"],"redirectUri":"https://myapps.microsoft.com/blank.html"} @ https://myapps.microsoft.com/bundle/main.765b8a0d.js:1
[    3823ms] [LOG] [Wed, 27 May 2026 16:55:26 GMT] : @azure/msal-browser@2.37.1 : Verbose - preflightBrowserEnvironmentCheck started @ https://myapps.microsoft.com/bundle/main.765b8a0d.js:1
[    3823ms] [LOG] [Wed, 27 May 2026 16:55:26 GMT] : [df341fa0-b263-4aec-afaf-7406b5d4aab6] : @azure/msal-browser@2.37.1 : Verbose - acquireTokenSilent called @ https://myapps.microsoft.com/bundle/main.765b8a0d.js:1
[    3823ms] [LOG] [Wed, 27 May 2026 16:55:26 GMT] : @azure/msal-common@13.1.0 : Info - CacheManager:getIdToken - Returning id token @ https://myapps.microsoft.com/bundle/main.765b8a0d.js:1
[    3823ms] [LOG] [Wed, 27 May 2026 16:55:26 GMT] : [df341fa0-b263-4aec-afaf-7406b5d4aab6] : @azure/msal-browser@2.37.1 : Verbose - acquireTokenSilent called for the first time, storing active request @ https://myapps.microsoft.com/bundle/main.765b8a0d.js:1
[    3823ms] [LOG] [Wed, 27 May 2026 16:55:26 GMT] : @azure/msal-browser@2.37.1 : Info - Emitting event: msal:acquireTokenStart @ https://myapps.microsoft.com/bundle/main.765b8a0d.js:1
[    3823ms] [LOG] [Wed, 27 May 2026 16:55:26 GMT] : @azure/msal-browser@2.37.1 : Verbose - Emitting event to callback 35b70c3c-d0fa-48bb-a8dd-012b5b7f5a67: msal:acquireTokenStart @ https://myapps.microsoft.com/bundle/main.765b8a0d.js:1
[    3823ms] [LOG] [Wed, 27 May 2026 16:55:26 GMT] : @azure/msal-browser@2.37.1 : Verbose - Emitting event to callback c7e2bf09-999d-4c7b-951b-0bfe99d096ed: msal:acquireTokenStart @ https://myapps.microsoft.com/bundle/main.765b8a0d.js:1
[    3823ms] [LOG] [Wed, 27 May 2026 16:55:26 GMT] : @azure/msal-browser@2.37.1 : Verbose - getAllAccounts called @ https://myapps.microsoft.com/bundle/main.765b8a0d.js:1
[    3823ms] [LOG] [Wed, 27 May 2026 16:55:26 GMT] : @azure/msal-common@13.1.0 : Info - CacheManager:getIdToken - Returning id token @ https://myapps.microsoft.com/bundle/main.765b8a0d.js:1
[    3824ms] [LOG] [Wed, 27 May 2026 16:55:26 GMT] : @azure/msal-browser@2.37.1 : Verbose - Emitting event to callback 5a7d7d61-2464-4db7-989a-01a3299a560d: msal:acquireTokenStart @ https://myapps.microsoft.com/bundle/main.765b8a0d.js:1
[    3824ms] [LOG] [Wed, 27 May 2026 16:55:26 GMT] : @azure/msal-browser@2.37.1 : Verbose - acquireTokenSilent - attempting to acquire token from web flow @ https://myapps.microsoft.com/bundle/main.765b8a0d.js:1
[    3824ms] [LOG] [Wed, 27 May 2026 16:55:26 GMT] : [df341fa0-b263-4aec-afaf-7406b5d4aab6] : msal.js.browser@2.37.1 : Verbose - Initializing BaseAuthRequest @ https://myapps.microsoft.com/bundle/main.765b8a0d.js:1
[    3824ms] [LOG] [Wed, 27 May 2026 16:55:26 GMT] : [df341fa0-b263-4aec-afaf-7406b5d4aab6] : msal.js.browser@2.37.1 : Verbose - getDiscoveredAuthority called @ https://myapps.microsoft.com/bundle/main.765b8a0d.js:1
[    3824ms] [LOG] [Wed, 27 May 2026 16:55:26 GMT] : [df341fa0-b263-4aec-afaf-7406b5d4aab6] : msal.js.browser@2.37.1 : Verbose - Creating discovered authority with configured authority @ https://myapps.microsoft.com/bundle/main.765b8a0d.js:1
[    3824ms] [LOG] [Wed, 27 May 2026 16:55:26 GMT] : [df341fa0-b263-4aec-afaf-7406b5d4aab6] : msal.js.browser@2.37.1 : Verbose - Attempting to get cloud discovery metadata in the config @ https://myapps.microsoft.com/bundle/main.765b8a0d.js:1
[    3824ms] [LOG] [Wed, 27 May 2026 16:55:26 GMT] : [df341fa0-b263-4aec-afaf-7406b5d4aab6] : msal.js.browser@2.37.1 : Verbose - Did not find cloud discovery metadata in the config... Attempting to get cloud discovery metadata from the cache. @ https://myapps.microsoft.com/bundle/main.765b8a0d.js:1
[    3824ms] [LOG] [Wed, 27 May 2026 16:55:26 GMT] : [df341fa0-b263-4aec-afaf-7406b5d4aab6] : msal.js.browser@2.37.1 : Verbose - Found metadata in the cache. @ https://myapps.microsoft.com/bundle/main.765b8a0d.js:1
[    3824ms] [LOG] [Wed, 27 May 2026 16:55:26 GMT] : [df341fa0-b263-4aec-afaf-7406b5d4aab6] : msal.js.browser@2.37.1 : Verbose - Authentication Scheme wasn't explicitly set in request, defaulting to "Bearer" request @ https://myapps.microsoft.com/bundle/main.765b8a0d.js:1
[    3825ms] [LOG] [Wed, 27 May 2026 16:55:26 GMT] : [df341fa0-b263-4aec-afaf-7406b5d4aab6] : msal.js.browser@2.37.1 : Verbose - initializeServerTelemetryManager called @ https://myapps.microsoft.com/bundle/main.765b8a0d.js:1
[    3825ms] [LOG] [Wed, 27 May 2026 16:55:26 GMT] : [df341fa0-b263-4aec-afaf-7406b5d4aab6] : msal.js.browser@2.37.1 : Verbose - getClientConfiguration called @ https://myapps.microsoft.com/bundle/main.765b8a0d.js:1
[    3825ms] [LOG] [Wed, 27 May 2026 16:55:26 GMT] : [df341fa0-b263-4aec-afaf-7406b5d4aab6] : msal.js.browser@2.37.1 : Verbose - getDiscoveredAuthority called @ https://myapps.microsoft.com/bundle/main.765b8a0d.js:1
[    3825ms] [LOG] [Wed, 27 May 2026 16:55:26 GMT] : [df341fa0-b263-4aec-afaf-7406b5d4aab6] : msal.js.browser@2.37.1 : Verbose - Creating discovered authority with configured authority @ https://myapps.microsoft.com/bundle/main.765b8a0d.js:1
[    3825ms] [LOG] [Wed, 27 May 2026 16:55:26 GMT] : [df341fa0-b263-4aec-afaf-7406b5d4aab6] : msal.js.browser@2.37.1 : Verbose - Attempting to get cloud discovery metadata in the config @ https://myapps.microsoft.com/bundle/main.765b8a0d.js:1
[    3825ms] [LOG] [Wed, 27 May 2026 16:55:26 GMT] : [df341fa0-b263-4aec-afaf-7406b5d4aab6] : msal.js.browser@2.37.1 : Verbose - Did not find cloud discovery metadata in the config... Attempting to get cloud discovery metadata from the cache. @ https://myapps.microsoft.com/bundle/main.765b8a0d.js:1
[    3825ms] [LOG] [Wed, 27 May 2026 16:55:26 GMT] : [df341fa0-b263-4aec-afaf-7406b5d4aab6] : msal.js.browser@2.37.1 : Verbose - Found metadata in the cache. @ https://myapps.microsoft.com/bundle/main.765b8a0d.js:1
[    3825ms] [LOG] [Wed, 27 May 2026 16:55:26 GMT] : [df341fa0-b263-4aec-afaf-7406b5d4aab6] : msal.js.browser@2.37.1 : Verbose - Silent auth client created @ https://myapps.microsoft.com/bundle/main.765b8a0d.js:1
[    3825ms] [LOG] [Wed, 27 May 2026 16:55:26 GMT] : @azure/msal-common@13.1.0 : Info - CacheManager:getIdToken - Returning id token @ https://myapps.microsoft.com/bundle/main.765b8a0d.js:1
[    3825ms] [LOG] [Wed, 27 May 2026 16:55:26 GMT] : @azure/msal-common@13.1.0 : Info - CacheManager:getAccessToken - Returning access token @ https://myapps.microsoft.com/bundle/main.765b8a0d.js:1
[    3825ms] [LOG] [Wed, 27 May 2026 16:55:26 GMT] : @azure/msal-common@13.1.0 : Info - CacheManager:getRefreshToken - returning refresh token @ https://myapps.microsoft.com/bundle/main.765b8a0d.js:1
[    3826ms] [LOG] [Wed, 27 May 2026 16:55:26 GMT] : @azure/msal-browser@2.37.1 : Info - Emitting event: msal:acquireTokenSuccess @ https://myapps.microsoft.com/bundle/main.765b8a0d.js:1
[    3826ms] [LOG] [Wed, 27 May 2026 16:55:26 GMT] : @azure/msal-browser@2.37.1 : Verbose - Emitting event to callback 35b70c3c-d0fa-48bb-a8dd-012b5b7f5a67: msal:acquireTokenSuccess @ https://myapps.microsoft.com/bundle/main.765b8a0d.js:1
[    3826ms] [LOG] [Wed, 27 May 2026 16:55:26 GMT] : @azure/msal-browser@2.37.1 : Info - @iamexperiences/feature-auth, message: getMsalAuth: storing latest account to browser storage @ https://myapps.microsoft.com/bundle/main.765b8a0d.js:1
[    3826ms] [LOG] [Wed, 27 May 2026 16:55:26 GMT] : @azure/msal-browser@2.37.1 : Info - @iamexperiences/feature-auth, message: getMsalAuth: Track new active account 456213cf-7073-47c6-bf49-41b654ad449b, 
          eventType: msal:acquireTokenSuccess, interactionType: silent @ https://myapps.microsoft.com/bundle/main.765b8a0d.js:1
[    3826ms] [LOG] [Wed, 27 May 2026 16:55:26 GMT] : @azure/msal-browser@2.37.1 : Verbose - setActiveAccount: Active account set @ https://myapps.microsoft.com/bundle/main.765b8a0d.js:1
[    3826ms] [LOG] [Wed, 27 May 2026 16:55:26 GMT] : @azure/msal-browser@2.37.1 : Verbose - Emitting event to callback c7e2bf09-999d-4c7b-951b-0bfe99d096ed: msal:acquireTokenSuccess @ https://myapps.microsoft.com/bundle/main.765b8a0d.js:1
[    3826ms] [LOG] [Wed, 27 May 2026 16:55:26 GMT] : @azure/msal-browser@2.37.1 : Verbose - getAllAccounts called @ https://myapps.microsoft.com/bundle/main.765b8a0d.js:1
[    3826ms] [LOG] [Wed, 27 May 2026 16:55:26 GMT] : @azure/msal-common@13.1.0 : Info - CacheManager:getIdToken - Returning id token @ https://myapps.microsoft.com/bundle/main.765b8a0d.js:1
[    3826ms] [LOG] [Wed, 27 May 2026 16:55:26 GMT] : @azure/msal-browser@2.37.1 : Verbose - Emitting event to callback 5a7d7d61-2464-4db7-989a-01a3299a560d: msal:acquireTokenSuccess @ https://myapps.microsoft.com/bundle/main.765b8a0d.js:1
[    3826ms] [LOG] [Wed, 27 May 2026 16:55:26 GMT] : [df341fa0-b263-4aec-afaf-7406b5d4aab6] : @azure/msal-browser@2.37.1 : Verbose - PerformanceClient: Emitting performance events @ https://myapps.microsoft.com/bundle/main.765b8a0d.js:1
[    3826ms] [LOG] [Wed, 27 May 2026 16:55:26 GMT] : [df341fa0-b263-4aec-afaf-7406b5d4aab6] : @azure/msal-browser@2.37.1 : Verbose - PerformanceTelemetryReporter: Emitting telemetry for acquireTokenSilent @ https://myapps.microsoft.com/bundle/main.765b8a0d.js:1
[    3826ms] [LOG] [Wed, 27 May 2026 16:55:26 GMT] : @azure/msal-browser@2.37.1 : Verbose - PerformanceTelemetryReporter: Sending acquireTokenSilent for tracking @ https://myapps.microsoft.com/bundle/main.765b8a0d.js:1
[    3827ms] [LOG] [Wed, 27 May 2026 16:55:26 GMT] : @azure/msal-common@13.1.0 : Info - CacheManager:getIdToken - Returning id token @ https://myapps.microsoft.com/bundle/main.765b8a0d.js:1
[    3827ms] [LOG] [Wed, 27 May 2026 16:55:26 GMT] : @azure/msal-browser@2.37.1 : Info - @iamexperiences/feature-auth, message: getMsalAuth: calling acquireTokenHelper method {"authority":"https://login.microsoftonline.com/456213cf-7073-47c6-bf49-41b654ad449b/","scopes":["8c59ead7-d703-4a27-9e55-c96a0054c8d2/.default"],"redirectUri":"https://myapps.microsoft.com/blank.html"} @ https://myapps.microsoft.com/bundle/main.765b8a0d.js:1
[    3827ms] [LOG] [Wed, 27 May 2026 16:55:26 GMT] : @azure/msal-browser@2.37.1 : Verbose - preflightBrowserEnvironmentCheck started @ https://myapps.microsoft.com/bundle/main.765b8a0d.js:1
[    3827ms] [LOG] [Wed, 27 May 2026 16:55:26 GMT] : [11abab74-3508-4bd0-850f-6051affb6386] : @azure/msal-browser@2.37.1 : Verbose - acquireTokenSilent called @ https://myapps.microsoft.com/bundle/main.765b8a0d.js:1
[    3827ms] [LOG] [Wed, 27 May 2026 16:55:26 GMT] : @azure/msal-common@13.1.0 : Info - CacheManager:getIdToken - Returning id token @ https://myapps.microsoft.com/bundle/main.765b8a0d.js:1
[    3827ms] [LOG] [Wed, 27 May 2026 16:55:26 GMT] : [11abab74-3508-4bd0-850f-6051affb6386] : @azure/msal-browser@2.37.1 : Verbose - acquireTokenSilent called for the first time, storing active request @ https://myapps.microsoft.com/bundle/main.765b8a0d.js:1
[    3827ms] [LOG] [Wed, 27 May 2026 16:55:26 GMT] : @azure/msal-browser@2.37.1 : Info - Emitting event: msal:acquireTokenStart @ https://myapps.microsoft.com/bundle/main.765b8a0d.js:1
[    3827ms] [LOG] [Wed, 27 May 2026 16:55:26 GMT] : @azure/msal-browser@2.37.1 : Verbose - Emitting event to callback 35b70c3c-d0fa-48bb-a8dd-012b5b7f5a67: msal:acquireTokenStart @ https://myapps.microsoft.com/bundle/main.765b8a0d.js:1
[    3827ms] [LOG] [Wed, 27 May 2026 16:55:26 GMT] : @azure/msal-browser@2.37.1 : Verbose - Emitting event to callback c7e2bf09-999d-4c7b-951b-0bfe99d096ed: msal:acquireTokenStart @ https://myapps.microsoft.com/bundle/main.765b8a0d.js:1
[    3827ms] [LOG] [Wed, 27 May 2026 16:55:26 GMT] : @azure/msal-browser@2.37.1 : Verbose - getAllAccounts called @ https://myapps.microsoft.com/bundle/main.765b8a0d.js:1
[    3827ms] [LOG] [Wed, 27 May 2026 16:55:26 GMT] : @azure/msal-common@13.1.0 : Info - CacheManager:getIdToken - Returning id token @ https://myapps.microsoft.com/bundle/main.765b8a0d.js:1
[    3828ms] [LOG] [Wed, 27 May 2026 16:55:26 GMT] : @azure/msal-browser@2.37.1 : Verbose - Emitting event to callback 5a7d7d61-2464-4db7-989a-01a3299a560d: msal:acquireTokenStart @ https://myapps.microsoft.com/bundle/main.765b8a0d.js:1
[    3828ms] [LOG] [Wed, 27 May 2026 16:55:26 GMT] : @azure/msal-browser@2.37.1 : Verbose - acquireTokenSilent - attempting to acquire token from web flow @ https://myapps.microsoft.com/bundle/main.765b8a0d.js:1
[    3828ms] [LOG] [Wed, 27 May 2026 16:55:26 GMT] : [11abab74-3508-4bd0-850f-6051affb6386] : msal.js.browser@2.37.1 : Verbose - Initializing BaseAuthRequest @ https://myapps.microsoft.com/bundle/main.765b8a0d.js:1
[    3828ms] [LOG] [Wed, 27 May 2026 16:55:26 GMT] : [11abab74-3508-4bd0-850f-6051affb6386] : msal.js.browser@2.37.1 : Verbose - getDiscoveredAuthority called @ https://myapps.microsoft.com/bundle/main.765b8a0d.js:1
[    3828ms] [LOG] [Wed, 27 May 2026 16:55:26 GMT] : [11abab74-3508-4bd0-850f-6051affb6386] : msal.js.browser@2.37.1 : Verbose - Creating discovered authority with configured authority @ https://myapps.microsoft.com/bundle/main.765b8a0d.js:1
[    3828ms] [LOG] [Wed, 27 May 2026 16:55:26 GMT] : [11abab74-3508-4bd0-850f-6051affb6386] : msal.js.browser@2.37.1 : Verbose - Attempting to get cloud discovery metadata in the config @ https://myapps.microsoft.com/bundle/main.765b8a0d.js:1
[    3828ms] [LOG] [Wed, 27 May 2026 16:55:26 GMT] : [11abab74-3508-4bd0-850f-6051affb6386] : msal.js.browser@2.37.1 : Verbose - Did not find cloud discovery metadata in the config... Attempting to get cloud discovery metadata from the cache. @ https://myapps.microsoft.com/bundle/main.765b8a0d.js:1
[    3828ms] [LOG] [Wed, 27 May 2026 16:55:26 GMT] : [11abab74-3508-4bd0-850f-6051affb6386] : msal.js.browser@2.37.1 : Verbose - Found metadata in the cache. @ https://myapps.microsoft.com/bundle/main.765b8a0d.js:1
[    3828ms] [LOG] [Wed, 27 May 2026 16:55:26 GMT] : [11abab74-3508-4bd0-850f-6051affb6386] : msal.js.browser@2.37.1 : Verbose - Authentication Scheme wasn't explicitly set in request, defaulting to "Bearer" request @ https://myapps.microsoft.com/bundle/main.765b8a0d.js:1
[    3828ms] [LOG] [Wed, 27 May 2026 16:55:26 GMT] : [11abab74-3508-4bd0-850f-6051affb6386] : msal.js.browser@2.37.1 : Verbose - initializeServerTelemetryManager called @ https://myapps.microsoft.com/bundle/main.765b8a0d.js:1
[    3828ms] [LOG] [Wed, 27 May 2026 16:55:26 GMT] : [11abab74-3508-4bd0-850f-6051affb6386] : msal.js.browser@2.37.1 : Verbose - getClientConfiguration called @ https://myapps.microsoft.com/bundle/main.765b8a0d.js:1
[    3828ms] [LOG] [Wed, 27 May 2026 16:55:26 GMT] : [11abab74-3508-4bd0-850f-6051affb6386] : msal.js.browser@2.37.1 : Verbose - getDiscoveredAuthority called @ https://myapps.microsoft.com/bundle/main.765b8a0d.js:1
[    3828ms] [LOG] [Wed, 27 May 2026 16:55:26 GMT] : [11abab74-3508-4bd0-850f-6051affb6386] : msal.js.browser@2.37.1 : Verbose - Creating discovered authority with configured authority @ https://myapps.microsoft.com/bundle/main.765b8a0d.js:1
[    3829ms] [LOG] [Wed, 27 May 2026 16:55:26 GMT] : [11abab74-3508-4bd0-850f-6051affb6386] : msal.js.browser@2.37.1 : Verbose - Attempting to get cloud discovery metadata in the config @ https://myapps.microsoft.com/bundle/main.765b8a0d.js:1
[    3829ms] [LOG] [Wed, 27 May 2026 16:55:26 GMT] : [11abab74-3508-4bd0-850f-6051affb6386] : msal.js.browser@2.37.1 : Verbose - Did not find cloud discovery metadata in the config... Attempting to get cloud discovery metadata from the cache. @ https://myapps.microsoft.com/bundle/main.765b8a0d.js:1
[    3829ms] [LOG] [Wed, 27 May 2026 16:55:26 GMT] : [11abab74-3508-4bd0-850f-6051affb6386] : msal.js.browser@2.37.1 : Verbose - Found metadata in the cache. @ https://myapps.microsoft.com/bundle/main.765b8a0d.js:1
[    3829ms] [LOG] [Wed, 27 May 2026 16:55:26 GMT] : [11abab74-3508-4bd0-850f-6051affb6386] : msal.js.browser@2.37.1 : Verbose - Silent auth client created @ https://myapps.microsoft.com/bundle/main.765b8a0d.js:1
[    3829ms] [LOG] [Wed, 27 May 2026 16:55:26 GMT] : @azure/msal-common@13.1.0 : Info - CacheManager:getIdToken - Returning id token @ https://myapps.microsoft.com/bundle/main.765b8a0d.js:1
[    3829ms] [LOG] [Wed, 27 May 2026 16:55:26 GMT] : @azure/msal-common@13.1.0 : Info - CacheManager:getAccessToken - No token found @ https://myapps.microsoft.com/bundle/main.765b8a0d.js:1
[    3829ms] [LOG] [Wed, 27 May 2026 16:55:26 GMT] : @azure/msal-common@13.1.0 : Info - CacheManager:getRefreshToken - returning refresh token @ https://myapps.microsoft.com/bundle/main.765b8a0d.js:1
[    3829ms] [LOG] [Wed, 27 May 2026 16:55:26 GMT] : [11abab74-3508-4bd0-850f-6051affb6386] : @azure/msal-common@13.1.0 : Info - SilentFlowClient:acquireCachedToken - No access token found in cache for the given properties. @ https://myapps.microsoft.com/bundle/main.765b8a0d.js:1
[    3829ms] [LOG] [Wed, 27 May 2026 16:55:26 GMT] : @azure/msal-browser@2.37.1 : Info - Emitting event: msal:acquireTokenFromNetworkStart @ https://myapps.microsoft.com/bundle/main.765b8a0d.js:1
[    3830ms] [LOG] [Wed, 27 May 2026 16:55:26 GMT] : @azure/msal-browser@2.37.1 : Verbose - Emitting event to callback 35b70c3c-d0fa-48bb-a8dd-012b5b7f5a67: msal:acquireTokenFromNetworkStart @ https://myapps.microsoft.com/bundle/main.765b8a0d.js:1
[    3830ms] [LOG] [Wed, 27 May 2026 16:55:26 GMT] : @azure/msal-browser@2.37.1 : Verbose - Emitting event to callback c7e2bf09-999d-4c7b-951b-0bfe99d096ed: msal:acquireTokenFromNetworkStart @ https://myapps.microsoft.com/bundle/main.765b8a0d.js:1
[    3830ms] [LOG] [Wed, 27 May 2026 16:55:26 GMT] : @azure/msal-browser@2.37.1 : Verbose - getAllAccounts called @ https://myapps.microsoft.com/bundle/main.765b8a0d.js:1
[    3830ms] [LOG] [Wed, 27 May 2026 16:55:26 GMT] : @azure/msal-common@13.1.0 : Info - CacheManager:getIdToken - Returning id token @ https://myapps.microsoft.com/bundle/main.765b8a0d.js:1
[    3830ms] [LOG] [Wed, 27 May 2026 16:55:26 GMT] : @azure/msal-browser@2.37.1 : Verbose - Emitting event to callback 5a7d7d61-2464-4db7-989a-01a3299a560d: msal:acquireTokenFromNetworkStart @ https://myapps.microsoft.com/bundle/main.765b8a0d.js:1
[    3830ms] [LOG] [Wed, 27 May 2026 16:55:26 GMT] : [11abab74-3508-4bd0-850f-6051affb6386] : msal.js.browser@2.37.1 : Verbose - Initializing BaseAuthRequest @ https://myapps.microsoft.com/bundle/main.765b8a0d.js:1
[    3830ms] [LOG] [Wed, 27 May 2026 16:55:26 GMT] : [11abab74-3508-4bd0-850f-6051affb6386] : msal.js.browser@2.37.1 : Verbose - getDiscoveredAuthority called @ https://myapps.microsoft.com/bundle/main.765b8a0d.js:1
[    3830ms] [LOG] [Wed, 27 May 2026 16:55:26 GMT] : [11abab74-3508-4bd0-850f-6051affb6386] : msal.js.browser@2.37.1 : Verbose - Creating discovered authority with configured authority @ https://myapps.microsoft.com/bundle/main.765b8a0d.js:1
[    3830ms] [LOG] [Wed, 27 May 2026 16:55:26 GMT] : [11abab74-3508-4bd0-850f-6051affb6386] : msal.js.browser@2.37.1 : Verbose - Attempting to get cloud discovery metadata in the config @ https://myapps.microsoft.com/bundle/main.765b8a0d.js:1
[    3830ms] [LOG] [Wed, 27 May 2026 16:55:26 GMT] : [11abab74-3508-4bd0-850f-6051affb6386] : msal.js.browser@2.37.1 : Verbose - Did not find cloud discovery metadata in the config... Attempting to get cloud discovery metadata from the cache. @ https://myapps.microsoft.com/bundle/main.765b8a0d.js:1
[    3830ms] [LOG] [Wed, 27 May 2026 16:55:26 GMT] : [11abab74-3508-4bd0-850f-6051affb6386] : msal.js.browser@2.37.1 : Verbose - Found metadata in the cache. @ https://myapps.microsoft.com/bundle/main.765b8a0d.js:1
[    3830ms] [LOG] [Wed, 27 May 2026 16:55:26 GMT] : [11abab74-3508-4bd0-850f-6051affb6386] : msal.js.browser@2.37.1 : Verbose - Authentication Scheme set to "Bearer" as configured in Auth request @ https://myapps.microsoft.com/bundle/main.765b8a0d.js:1
[    3830ms] [LOG] [Wed, 27 May 2026 16:55:26 GMT] : [11abab74-3508-4bd0-850f-6051affb6386] : msal.js.browser@2.37.1 : Verbose - initializeServerTelemetryManager called @ https://myapps.microsoft.com/bundle/main.765b8a0d.js:1
[    3830ms] [LOG] [Wed, 27 May 2026 16:55:26 GMT] : [11abab74-3508-4bd0-850f-6051affb6386] : msal.js.browser@2.37.1 : Verbose - getClientConfiguration called @ https://myapps.microsoft.com/bundle/main.765b8a0d.js:1
[    3830ms] [LOG] [Wed, 27 May 2026 16:55:26 GMT] : [11abab74-3508-4bd0-850f-6051affb6386] : msal.js.browser@2.37.1 : Verbose - getDiscoveredAuthority called @ https://myapps.microsoft.com/bundle/main.765b8a0d.js:1
[    3830ms] [LOG] [Wed, 27 May 2026 16:55:26 GMT] : [11abab74-3508-4bd0-850f-6051affb6386] : msal.js.browser@2.37.1 : Verbose - Creating discovered authority with configured authority @ https://myapps.microsoft.com/bundle/main.765b8a0d.js:1
[    3830ms] [LOG] [Wed, 27 May 2026 16:55:26 GMT] : [11abab74-3508-4bd0-850f-6051affb6386] : msal.js.browser@2.37.1 : Verbose - Attempting to get cloud discovery metadata in the config @ https://myapps.microsoft.com/bundle/main.765b8a0d.js:1
[    3830ms] [LOG] [Wed, 27 May 2026 16:55:26 GMT] : [11abab74-3508-4bd0-850f-6051affb6386] : msal.js.browser@2.37.1 : Verbose - Did not find cloud discovery metadata in the config... Attempting to get cloud discovery metadata from the cache. @ https://myapps.microsoft.com/bundle/main.765b8a0d.js:1
[    3830ms] [LOG] [Wed, 27 May 2026 16:55:26 GMT] : [11abab74-3508-4bd0-850f-6051affb6386] : msal.js.browser@2.37.1 : Verbose - Found metadata in the cache. @ https://myapps.microsoft.com/bundle/main.765b8a0d.js:1
[    3830ms] [LOG] [Wed, 27 May 2026 16:55:26 GMT] : [11abab74-3508-4bd0-850f-6051affb6386] : msal.js.browser@2.37.1 : Verbose - Refresh token client created @ https://myapps.microsoft.com/bundle/main.765b8a0d.js:1
[    3830ms] [LOG] [Wed, 27 May 2026 16:55:26 GMT] : [11abab74-3508-4bd0-850f-6051affb6386] : @azure/msal-common@13.1.0 : Verbose - RefreshTokenClientAcquireTokenWithCachedRefreshToken called @ https://myapps.microsoft.com/bundle/main.765b8a0d.js:1
[    3830ms] [LOG] [Wed, 27 May 2026 16:55:26 GMT] : @azure/msal-common@13.1.0 : Info - CacheManager:getRefreshToken - returning refresh token @ https://myapps.microsoft.com/bundle/main.765b8a0d.js:1
[    3831ms] [LOG] [Wed, 27 May 2026 16:55:26 GMT] : [11abab74-3508-4bd0-850f-6051affb6386] : @azure/msal-common@13.1.0 : Verbose - RefreshTokenClientAcquireToken called @ https://myapps.microsoft.com/bundle/main.765b8a0d.js:1
[    4075ms] [LOG] [Wed, 27 May 2026 16:55:26 GMT] : @azure/msal-browser@2.37.1 : Verbose - BrowserCacheManager.addAccountKeyToMap account key already exists in map @ https://myapps.microsoft.com/bundle/main.765b8a0d.js:1
[    4075ms] [LOG] [Wed, 27 May 2026 16:55:26 GMT] : @azure/msal-browser@2.37.1 : Info - BrowserCacheManager: addTokenKey - accessToken added to map @ https://myapps.microsoft.com/bundle/main.765b8a0d.js:1
[    4076ms] [LOG] [Wed, 27 May 2026 16:55:26 GMT] : @azure/msal-browser@2.37.1 : Info - Emitting event: msal:acquireTokenSuccess @ https://myapps.microsoft.com/bundle/main.765b8a0d.js:1
[    4076ms] [LOG] [Wed, 27 May 2026 16:55:26 GMT] : @azure/msal-browser@2.37.1 : Verbose - Emitting event to callback 35b70c3c-d0fa-48bb-a8dd-012b5b7f5a67: msal:acquireTokenSuccess @ https://myapps.microsoft.com/bundle/main.765b8a0d.js:1
[    4076ms] [LOG] [Wed, 27 May 2026 16:55:26 GMT] : @azure/msal-browser@2.37.1 : Info - @iamexperiences/feature-auth, message: getMsalAuth: storing latest account to browser storage @ https://myapps.microsoft.com/bundle/main.765b8a0d.js:1
[    4076ms] [LOG] [Wed, 27 May 2026 16:55:26 GMT] : @azure/msal-browser@2.37.1 : Info - @iamexperiences/feature-auth, message: getMsalAuth: Track new active account 456213cf-7073-47c6-bf49-41b654ad449b, 
          eventType: msal:acquireTokenSuccess, interactionType: silent @ https://myapps.microsoft.com/bundle/main.765b8a0d.js:1
[    4076ms] [LOG] [Wed, 27 May 2026 16:55:26 GMT] : @azure/msal-browser@2.37.1 : Verbose - setActiveAccount: Active account set @ https://myapps.microsoft.com/bundle/main.765b8a0d.js:1
[    4076ms] [LOG] [Wed, 27 May 2026 16:55:26 GMT] : @azure/msal-browser@2.37.1 : Verbose - Emitting event to callback c7e2bf09-999d-4c7b-951b-0bfe99d096ed: msal:acquireTokenSuccess @ https://myapps.microsoft.com/bundle/main.765b8a0d.js:1
[    4076ms] [LOG] [Wed, 27 May 2026 16:55:26 GMT] : @azure/msal-browser@2.37.1 : Verbose - getAllAccounts called @ https://myapps.microsoft.com/bundle/main.765b8a0d.js:1
[    4076ms] [LOG] [Wed, 27 May 2026 16:55:26 GMT] : @azure/msal-common@13.1.0 : Info - CacheManager:getIdToken - Returning id token @ https://myapps.microsoft.com/bundle/main.765b8a0d.js:1
[    4076ms] [LOG] [Wed, 27 May 2026 16:55:26 GMT] : @azure/msal-browser@2.37.1 : Verbose - Emitting event to callback 5a7d7d61-2464-4db7-989a-01a3299a560d: msal:acquireTokenSuccess @ https://myapps.microsoft.com/bundle/main.765b8a0d.js:1
[    4076ms] [LOG] [Wed, 27 May 2026 16:55:26 GMT] : [11abab74-3508-4bd0-850f-6051affb6386] : @azure/msal-browser@2.37.1 : Verbose - PerformanceClient: Emitting performance events @ https://myapps.microsoft.com/bundle/main.765b8a0d.js:1
[    4076ms] [LOG] [Wed, 27 May 2026 16:55:26 GMT] : [11abab74-3508-4bd0-850f-6051affb6386] : @azure/msal-browser@2.37.1 : Verbose - PerformanceTelemetryReporter: Emitting telemetry for acquireTokenSilent @ https://myapps.microsoft.com/bundle/main.765b8a0d.js:1
[    4076ms] [LOG] [Wed, 27 May 2026 16:55:26 GMT] : @azure/msal-browser@2.37.1 : Verbose - PerformanceTelemetryReporter: Sending acquireTokenSilent for tracking @ https://myapps.microsoft.com/bundle/main.765b8a0d.js:1
[    4077ms] [LOG] [Wed, 27 May 2026 16:55:26 GMT] : @azure/msal-common@13.1.0 : Info - CacheManager:getIdToken - Returning id token @ https://myapps.microsoft.com/bundle/main.765b8a0d.js:1
[    4077ms] [LOG] [Wed, 27 May 2026 16:55:26 GMT] : @azure/msal-browser@2.37.1 : Info - @iamexperiences/feature-auth, message: getMsalAuth: calling acquireTokenHelper method {"authority":"https://login.microsoftonline.com/456213cf-7073-47c6-bf49-41b654ad449b/","scopes":["https://graph.microsoft.com/.default"],"redirectUri":"https://myapps.microsoft.com/blank.html"} @ https://myapps.microsoft.com/bundle/main.765b8a0d.js:1
[    4077ms] [LOG] [Wed, 27 May 2026 16:55:26 GMT] : @azure/msal-browser@2.37.1 : Verbose - preflightBrowserEnvironmentCheck started @ https://myapps.microsoft.com/bundle/main.765b8a0d.js:1
[    4077ms] [LOG] [Wed, 27 May 2026 16:55:26 GMT] : [7d2f2f4e-6fd6-4aca-a94c-595769e9417c] : @azure/msal-browser@2.37.1 : Verbose - acquireTokenSilent called @ https://myapps.microsoft.com/bundle/main.765b8a0d.js:1
[    4077ms] [LOG] [Wed, 27 May 2026 16:55:26 GMT] : @azure/msal-common@13.1.0 : Info - CacheManager:getIdToken - Returning id token @ https://myapps.microsoft.com/bundle/main.765b8a0d.js:1
[    4077ms] [LOG] [Wed, 27 May 2026 16:55:26 GMT] : [7d2f2f4e-6fd6-4aca-a94c-595769e9417c] : @azure/msal-browser@2.37.1 : Verbose - acquireTokenSilent called for the first time, storing active request @ https://myapps.microsoft.com/bundle/main.765b8a0d.js:1
[    4077ms] [LOG] [Wed, 27 May 2026 16:55:26 GMT] : @azure/msal-browser@2.37.1 : Info - Emitting event: msal:acquireTokenStart @ https://myapps.microsoft.com/bundle/main.765b8a0d.js:1
[    4078ms] [LOG] [Wed, 27 May 2026 16:55:26 GMT] : @azure/msal-browser@2.37.1 : Verbose - Emitting event to callback 35b70c3c-d0fa-48bb-a8dd-012b5b7f5a67: msal:acquireTokenStart @ https://myapps.microsoft.com/bundle/main.765b8a0d.js:1
[    4078ms] [LOG] [Wed, 27 May 2026 16:55:26 GMT] : @azure/msal-browser@2.37.1 : Verbose - Emitting event to callback c7e2bf09-999d-4c7b-951b-0bfe99d096ed: msal:acquireTokenStart @ https://myapps.microsoft.com/bundle/main.765b8a0d.js:1
[    4078ms] [LOG] [Wed, 27 May 2026 16:55:26 GMT] : @azure/msal-browser@2.37.1 : Verbose - getAllAccounts called @ https://myapps.microsoft.com/bundle/main.765b8a0d.js:1
[    4078ms] [LOG] [Wed, 27 May 2026 16:55:26 GMT] : @azure/msal-common@13.1.0 : Info - CacheManager:getIdToken - Returning id token @ https://myapps.microsoft.com/bundle/main.765b8a0d.js:1
[    4078ms] [LOG] [Wed, 27 May 2026 16:55:26 GMT] : @azure/msal-browser@2.37.1 : Verbose - Emitting event to callback 5a7d7d61-2464-4db7-989a-01a3299a560d: msal:acquireTokenStart @ https://myapps.microsoft.com/bundle/main.765b8a0d.js:1
[    4078ms] [LOG] [Wed, 27 May 2026 16:55:26 GMT] : @azure/msal-browser@2.37.1 : Verbose - acquireTokenSilent - attempting to acquire token from web flow @ https://myapps.microsoft.com/bundle/main.765b8a0d.js:1
[    4078ms] [LOG] [Wed, 27 May 2026 16:55:26 GMT] : [7d2f2f4e-6fd6-4aca-a94c-595769e9417c] : msal.js.browser@2.37.1 : Verbose - Initializing BaseAuthRequest @ https://myapps.microsoft.com/bundle/main.765b8a0d.js:1
[    4078ms] [LOG] [Wed, 27 May 2026 16:55:26 GMT] : [7d2f2f4e-6fd6-4aca-a94c-595769e9417c] : msal.js.browser@2.37.1 : Verbose - getDiscoveredAuthority called @ https://myapps.microsoft.com/bundle/main.765b8a0d.js:1
[    4078ms] [LOG] [Wed, 27 May 2026 16:55:26 GMT] : [7d2f2f4e-6fd6-4aca-a94c-595769e9417c] : msal.js.browser@2.37.1 : Verbose - Creating discovered authority with configured authority @ https://myapps.microsoft.com/bundle/main.765b8a0d.js:1
[    4078ms] [LOG] [Wed, 27 May 2026 16:55:26 GMT] : [7d2f2f4e-6fd6-4aca-a94c-595769e9417c] : msal.js.browser@2.37.1 : Verbose - Attempting to get cloud discovery metadata in the config @ https://myapps.microsoft.com/bundle/main.765b8a0d.js:1
[    4078ms] [LOG] [Wed, 27 May 2026 16:55:26 GMT] : [7d2f2f4e-6fd6-4aca-a94c-595769e9417c] : msal.js.browser@2.37.1 : Verbose - Did not find cloud discovery metadata in the config... Attempting to get cloud discovery metadata from the cache. @ https://myapps.microsoft.com/bundle/main.765b8a0d.js:1
[    4078ms] [LOG] [Wed, 27 May 2026 16:55:26 GMT] : [7d2f2f4e-6fd6-4aca-a94c-595769e9417c] : msal.js.browser@2.37.1 : Verbose - Found metadata in the cache. @ https://myapps.microsoft.com/bundle/main.765b8a0d.js:1
[    4078ms] [LOG] [Wed, 27 May 2026 16:55:26 GMT] : [7d2f2f4e-6fd6-4aca-a94c-595769e9417c] : msal.js.browser@2.37.1 : Verbose - Authentication Scheme wasn't explicitly set in request, defaulting to "Bearer" request @ https://myapps.microsoft.com/bundle/main.765b8a0d.js:1
[    4079ms] [LOG] [Wed, 27 May 2026 16:55:26 GMT] : [7d2f2f4e-6fd6-4aca-a94c-595769e9417c] : msal.js.browser@2.37.1 : Verbose - initializeServerTelemetryManager called @ https://myapps.microsoft.com/bundle/main.765b8a0d.js:1
[    4079ms] [LOG] [Wed, 27 May 2026 16:55:26 GMT] : [7d2f2f4e-6fd6-4aca-a94c-595769e9417c] : msal.js.browser@2.37.1 : Verbose - getClientConfiguration called @ https://myapps.microsoft.com/bundle/main.765b8a0d.js:1
[    4079ms] [LOG] [Wed, 27 May 2026 16:55:26 GMT] : [7d2f2f4e-6fd6-4aca-a94c-595769e9417c] : msal.js.browser@2.37.1 : Verbose - getDiscoveredAuthority called @ https://myapps.microsoft.com/bundle/main.765b8a0d.js:1
[    4079ms] [LOG] [Wed, 27 May 2026 16:55:26 GMT] : [7d2f2f4e-6fd6-4aca-a94c-595769e9417c] : msal.js.browser@2.37.1 : Verbose - Creating discovered authority with configured authority @ https://myapps.microsoft.com/bundle/main.765b8a0d.js:1
[    4079ms] [LOG] [Wed, 27 May 2026 16:55:26 GMT] : [7d2f2f4e-6fd6-4aca-a94c-595769e9417c] : msal.js.browser@2.37.1 : Verbose - Attempting to get cloud discovery metadata in the config @ https://myapps.microsoft.com/bundle/main.765b8a0d.js:1
[    4079ms] [LOG] [Wed, 27 May 2026 16:55:26 GMT] : [7d2f2f4e-6fd6-4aca-a94c-595769e9417c] : msal.js.browser@2.37.1 : Verbose - Did not find cloud discovery metadata in the config... Attempting to get cloud discovery metadata from the cache. @ https://myapps.microsoft.com/bundle/main.765b8a0d.js:1
[    4079ms] [LOG] [Wed, 27 May 2026 16:55:26 GMT] : [7d2f2f4e-6fd6-4aca-a94c-595769e9417c] : msal.js.browser@2.37.1 : Verbose - Found metadata in the cache. @ https://myapps.microsoft.com/bundle/main.765b8a0d.js:1
[    4079ms] [LOG] [Wed, 27 May 2026 16:55:26 GMT] : [7d2f2f4e-6fd6-4aca-a94c-595769e9417c] : msal.js.browser@2.37.1 : Verbose - Silent auth client created @ https://myapps.microsoft.com/bundle/main.765b8a0d.js:1
[    4079ms] [LOG] [Wed, 27 May 2026 16:55:26 GMT] : @azure/msal-common@13.1.0 : Info - CacheManager:getIdToken - Returning id token @ https://myapps.microsoft.com/bundle/main.765b8a0d.js:1
[    4079ms] [LOG] [Wed, 27 May 2026 16:55:26 GMT] : @azure/msal-common@13.1.0 : Info - CacheManager:getAccessToken - Returning access token @ https://myapps.microsoft.com/bundle/main.765b8a0d.js:1
[    4079ms] [LOG] [Wed, 27 May 2026 16:55:26 GMT] : @azure/msal-common@13.1.0 : Info - CacheManager:getRefreshToken - returning refresh token @ https://myapps.microsoft.com/bundle/main.765b8a0d.js:1
[    4080ms] [LOG] [Wed, 27 May 2026 16:55:26 GMT] : @azure/msal-browser@2.37.1 : Info - Emitting event: msal:acquireTokenSuccess @ https://myapps.microsoft.com/bundle/main.765b8a0d.js:1
[    4080ms] [LOG] [Wed, 27 May 2026 16:55:26 GMT] : @azure/msal-browser@2.37.1 : Verbose - Emitting event to callback 35b70c3c-d0fa-48bb-a8dd-012b5b7f5a67: msal:acquireTokenSuccess @ https://myapps.microsoft.com/bundle/main.765b8a0d.js:1
[    4080ms] [LOG] [Wed, 27 May 2026 16:55:26 GMT] : @azure/msal-browser@2.37.1 : Info - @iamexperiences/feature-auth, message: getMsalAuth: storing latest account to browser storage @ https://myapps.microsoft.com/bundle/main.765b8a0d.js:1
[    4080ms] [LOG] [Wed, 27 May 2026 16:55:26 GMT] : @azure/msal-browser@2.37.1 : Info - @iamexperiences/feature-auth, message: getMsalAuth: Track new active account 456213cf-7073-47c6-bf49-41b654ad449b, 
          eventType: msal:acquireTokenSuccess, interactionType: silent @ https://myapps.microsoft.com/bundle/main.765b8a0d.js:1
[    4080ms] [LOG] [Wed, 27 May 2026 16:55:26 GMT] : @azure/msal-browser@2.37.1 : Verbose - setActiveAccount: Active account set @ https://myapps.microsoft.com/bundle/main.765b8a0d.js:1
[    4080ms] [LOG] [Wed, 27 May 2026 16:55:26 GMT] : @azure/msal-browser@2.37.1 : Verbose - Emitting event to callback c7e2bf09-999d-4c7b-951b-0bfe99d096ed: msal:acquireTokenSuccess @ https://myapps.microsoft.com/bundle/main.765b8a0d.js:1
[    4080ms] [LOG] [Wed, 27 May 2026 16:55:26 GMT] : @azure/msal-browser@2.37.1 : Verbose - getAllAccounts called @ https://myapps.microsoft.com/bundle/main.765b8a0d.js:1
[    4080ms] [LOG] [Wed, 27 May 2026 16:55:26 GMT] : @azure/msal-common@13.1.0 : Info - CacheManager:getIdToken - Returning id token @ https://myapps.microsoft.com/bundle/main.765b8a0d.js:1
[    4080ms] [LOG] [Wed, 27 May 2026 16:55:26 GMT] : @azure/msal-browser@2.37.1 : Verbose - Emitting event to callback 5a7d7d61-2464-4db7-989a-01a3299a560d: msal:acquireTokenSuccess @ https://myapps.microsoft.com/bundle/main.765b8a0d.js:1
[    4080ms] [LOG] [Wed, 27 May 2026 16:55:26 GMT] : [7d2f2f4e-6fd6-4aca-a94c-595769e9417c] : @azure/msal-browser@2.37.1 : Verbose - PerformanceClient: Emitting performance events @ https://myapps.microsoft.com/bundle/main.765b8a0d.js:1
[    4080ms] [LOG] [Wed, 27 May 2026 16:55:26 GMT] : [7d2f2f4e-6fd6-4aca-a94c-595769e9417c] : @azure/msal-browser@2.37.1 : Verbose - PerformanceTelemetryReporter: Emitting telemetry for acquireTokenSilent @ https://myapps.microsoft.com/bundle/main.765b8a0d.js:1
[    4080ms] [LOG] [Wed, 27 May 2026 16:55:26 GMT] : @azure/msal-browser@2.37.1 : Verbose - PerformanceTelemetryReporter: Sending acquireTokenSilent for tracking @ https://myapps.microsoft.com/bundle/main.765b8a0d.js:1
[    4081ms] [LOG] [Wed, 27 May 2026 16:55:26 GMT] : @azure/msal-common@13.1.0 : Info - CacheManager:getIdToken - Returning id token @ https://myapps.microsoft.com/bundle/main.765b8a0d.js:1
[    4081ms] [LOG] [Wed, 27 May 2026 16:55:26 GMT] : @azure/msal-browser@2.37.1 : Info - @iamexperiences/feature-auth, message: getMsalAuth: calling acquireTokenHelper method {"authority":"https://login.microsoftonline.com/456213cf-7073-47c6-bf49-41b654ad449b/","scopes":["https://graph.microsoft.com/.default"],"redirectUri":"https://myapps.microsoft.com/blank.html"} @ https://myapps.microsoft.com/bundle/main.765b8a0d.js:1
[    4081ms] [LOG] [Wed, 27 May 2026 16:55:26 GMT] : @azure/msal-browser@2.37.1 : Verbose - preflightBrowserEnvironmentCheck started @ https://myapps.microsoft.com/bundle/main.765b8a0d.js:1
[    4081ms] [LOG] [Wed, 27 May 2026 16:55:26 GMT] : [9522603f-1b22-4fb8-b898-ced310593640] : @azure/msal-browser@2.37.1 : Verbose - acquireTokenSilent called @ https://myapps.microsoft.com/bundle/main.765b8a0d.js:1
[    4081ms] [LOG] [Wed, 27 May 2026 16:55:26 GMT] : @azure/msal-common@13.1.0 : Info - CacheManager:getIdToken - Returning id token @ https://myapps.microsoft.com/bundle/main.765b8a0d.js:1
[    4081ms] [LOG] [Wed, 27 May 2026 16:55:26 GMT] : [9522603f-1b22-4fb8-b898-ced310593640] : @azure/msal-browser@2.37.1 : Verbose - acquireTokenSilent called for the first time, storing active request @ https://myapps.microsoft.com/bundle/main.765b8a0d.js:1
[    4081ms] [LOG] [Wed, 27 May 2026 16:55:26 GMT] : @azure/msal-browser@2.37.1 : Info - Emitting event: msal:acquireTokenStart @ https://myapps.microsoft.com/bundle/main.765b8a0d.js:1
[    4081ms] [LOG] [Wed, 27 May 2026 16:55:26 GMT] : @azure/msal-browser@2.37.1 : Verbose - Emitting event to callback 35b70c3c-d0fa-48bb-a8dd-012b5b7f5a67: msal:acquireTokenStart @ https://myapps.microsoft.com/bundle/main.765b8a0d.js:1
[    4081ms] [LOG] [Wed, 27 May 2026 16:55:26 GMT] : @azure/msal-browser@2.37.1 : Verbose - Emitting event to callback c7e2bf09-999d-4c7b-951b-0bfe99d096ed: msal:acquireTokenStart @ https://myapps.microsoft.com/bundle/main.765b8a0d.js:1
[    4081ms] [LOG] [Wed, 27 May 2026 16:55:26 GMT] : @azure/msal-browser@2.37.1 : Verbose - getAllAccounts called @ https://myapps.microsoft.com/bundle/main.765b8a0d.js:1
[    4082ms] [LOG] [Wed, 27 May 2026 16:55:26 GMT] : @azure/msal-common@13.1.0 : Info - CacheManager:getIdToken - Returning id token @ https://myapps.microsoft.com/bundle/main.765b8a0d.js:1
[    4082ms] [LOG] [Wed, 27 May 2026 16:55:26 GMT] : @azure/msal-browser@2.37.1 : Verbose - Emitting event to callback 5a7d7d61-2464-4db7-989a-01a3299a560d: msal:acquireTokenStart @ https://myapps.microsoft.com/bundle/main.765b8a0d.js:1
[    4082ms] [LOG] [Wed, 27 May 2026 16:55:26 GMT] : @azure/msal-browser@2.37.1 : Verbose - acquireTokenSilent - attempting to acquire token from web flow @ https://myapps.microsoft.com/bundle/main.765b8a0d.js:1
[    4082ms] [LOG] [Wed, 27 May 2026 16:55:26 GMT] : [9522603f-1b22-4fb8-b898-ced310593640] : msal.js.browser@2.37.1 : Verbose - Initializing BaseAuthRequest @ https://myapps.microsoft.com/bundle/main.765b8a0d.js:1
[    4082ms] [LOG] [Wed, 27 May 2026 16:55:26 GMT] : [9522603f-1b22-4fb8-b898-ced310593640] : msal.js.browser@2.37.1 : Verbose - getDiscoveredAuthority called @ https://myapps.microsoft.com/bundle/main.765b8a0d.js:1
[    4082ms] [LOG] [Wed, 27 May 2026 16:55:26 GMT] : [9522603f-1b22-4fb8-b898-ced310593640] : msal.js.browser@2.37.1 : Verbose - Creating discovered authority with configured authority @ https://myapps.microsoft.com/bundle/main.765b8a0d.js:1
[    4082ms] [LOG] [Wed, 27 May 2026 16:55:26 GMT] : [9522603f-1b22-4fb8-b898-ced310593640] : msal.js.browser@2.37.1 : Verbose - Attempting to get cloud discovery metadata in the config @ https://myapps.microsoft.com/bundle/main.765b8a0d.js:1
[    4082ms] [LOG] [Wed, 27 May 2026 16:55:26 GMT] : [9522603f-1b22-4fb8-b898-ced310593640] : msal.js.browser@2.37.1 : Verbose - Did not find cloud discovery metadata in the config... Attempting to get cloud discovery metadata from the cache. @ https://myapps.microsoft.com/bundle/main.765b8a0d.js:1
[    4082ms] [LOG] [Wed, 27 May 2026 16:55:26 GMT] : [9522603f-1b22-4fb8-b898-ced310593640] : msal.js.browser@2.37.1 : Verbose - Found metadata in the cache. @ https://myapps.microsoft.com/bundle/main.765b8a0d.js:1
[    4082ms] [LOG] [Wed, 27 May 2026 16:55:26 GMT] : [9522603f-1b22-4fb8-b898-ced310593640] : msal.js.browser@2.37.1 : Verbose - Authentication Scheme wasn't explicitly set in request, defaulting to "Bearer" request @ https://myapps.microsoft.com/bundle/main.765b8a0d.js:1
[    4082ms] [LOG] [Wed, 27 May 2026 16:55:26 GMT] : [9522603f-1b22-4fb8-b898-ced310593640] : msal.js.browser@2.37.1 : Verbose - initializeServerTelemetryManager called @ https://myapps.microsoft.com/bundle/main.765b8a0d.js:1
[    4083ms] [LOG] [Wed, 27 May 2026 16:55:26 GMT] : [9522603f-1b22-4fb8-b898-ced310593640] : msal.js.browser@2.37.1 : Verbose - getClientConfiguration called @ https://myapps.microsoft.com/bundle/main.765b8a0d.js:1
[    4083ms] [LOG] [Wed, 27 May 2026 16:55:26 GMT] : [9522603f-1b22-4fb8-b898-ced310593640] : msal.js.browser@2.37.1 : Verbose - getDiscoveredAuthority called @ https://myapps.microsoft.com/bundle/main.765b8a0d.js:1
[    4083ms] [LOG] [Wed, 27 May 2026 16:55:26 GMT] : [9522603f-1b22-4fb8-b898-ced310593640] : msal.js.browser@2.37.1 : Verbose - Creating discovered authority with configured authority @ https://myapps.microsoft.com/bundle/main.765b8a0d.js:1
[    4083ms] [LOG] [Wed, 27 May 2026 16:55:26 GMT] : [9522603f-1b22-4fb8-b898-ced310593640] : msal.js.browser@2.37.1 : Verbose - Attempting to get cloud discovery metadata in the config @ https://myapps.microsoft.com/bundle/main.765b8a0d.js:1
[    4083ms] [LOG] [Wed, 27 May 2026 16:55:26 GMT] : [9522603f-1b22-4fb8-b898-ced310593640] : msal.js.browser@2.37.1 : Verbose - Did not find cloud discovery metadata in the config... Attempting to get cloud discovery metadata from the cache. @ https://myapps.microsoft.com/bundle/main.765b8a0d.js:1
[    4083ms] [LOG] [Wed, 27 May 2026 16:55:26 GMT] : [9522603f-1b22-4fb8-b898-ced310593640] : msal.js.browser@2.37.1 : Verbose - Found metadata in the cache. @ https://myapps.microsoft.com/bundle/main.765b8a0d.js:1
[    4083ms] [LOG] [Wed, 27 May 2026 16:55:26 GMT] : [9522603f-1b22-4fb8-b898-ced310593640] : msal.js.browser@2.37.1 : Verbose - Silent auth client created @ https://myapps.microsoft.com/bundle/main.765b8a0d.js:1
[    4083ms] [LOG] [Wed, 27 May 2026 16:55:26 GMT] : @azure/msal-common@13.1.0 : Info - CacheManager:getIdToken - Returning id token @ https://myapps.microsoft.com/bundle/main.765b8a0d.js:1
[    4083ms] [LOG] [Wed, 27 May 2026 16:55:26 GMT] : @azure/msal-common@13.1.0 : Info - CacheManager:getAccessToken - Returning access token @ https://myapps.microsoft.com/bundle/main.765b8a0d.js:1
[    4083ms] [LOG] [Wed, 27 May 2026 16:55:26 GMT] : @azure/msal-common@13.1.0 : Info - CacheManager:getRefreshToken - returning refresh token @ https://myapps.microsoft.com/bundle/main.765b8a0d.js:1
[    4083ms] [LOG] [Wed, 27 May 2026 16:55:26 GMT] : @azure/msal-browser@2.37.1 : Info - Emitting event: msal:acquireTokenSuccess @ https://myapps.microsoft.com/bundle/main.765b8a0d.js:1
[    4084ms] [LOG] [Wed, 27 May 2026 16:55:26 GMT] : @azure/msal-browser@2.37.1 : Verbose - Emitting event to callback 35b70c3c-d0fa-48bb-a8dd-012b5b7f5a67: msal:acquireTokenSuccess @ https://myapps.microsoft.com/bundle/main.765b8a0d.js:1
[    4084ms] [LOG] [Wed, 27 May 2026 16:55:26 GMT] : @azure/msal-browser@2.37.1 : Info - @iamexperiences/feature-auth, message: getMsalAuth: storing latest account to browser storage @ https://myapps.microsoft.com/bundle/main.765b8a0d.js:1
[    4084ms] [LOG] [Wed, 27 May 2026 16:55:26 GMT] : @azure/msal-browser@2.37.1 : Info - @iamexperiences/feature-auth, message: getMsalAuth: Track new active account 456213cf-7073-47c6-bf49-41b654ad449b, 
          eventType: msal:acquireTokenSuccess, interactionType: silent @ https://myapps.microsoft.com/bundle/main.765b8a0d.js:1
[    4084ms] [LOG] [Wed, 27 May 2026 16:55:26 GMT] : @azure/msal-browser@2.37.1 : Verbose - setActiveAccount: Active account set @ https://myapps.microsoft.com/bundle/main.765b8a0d.js:1
[    4084ms] [LOG] [Wed, 27 May 2026 16:55:26 GMT] : @azure/msal-browser@2.37.1 : Verbose - Emitting event to callback c7e2bf09-999d-4c7b-951b-0bfe99d096ed: msal:acquireTokenSuccess @ https://myapps.microsoft.com/bundle/main.765b8a0d.js:1
[    4084ms] [LOG] [Wed, 27 May 2026 16:55:26 GMT] : @azure/msal-browser@2.37.1 : Verbose - getAllAccounts called @ https://myapps.microsoft.com/bundle/main.765b8a0d.js:1
[    4084ms] [LOG] [Wed, 27 May 2026 16:55:26 GMT] : @azure/msal-common@13.1.0 : Info - CacheManager:getIdToken - Returning id token @ https://myapps.microsoft.com/bundle/main.765b8a0d.js:1
[    4084ms] [LOG] [Wed, 27 May 2026 16:55:26 GMT] : @azure/msal-browser@2.37.1 : Verbose - Emitting event to callback 5a7d7d61-2464-4db7-989a-01a3299a560d: msal:acquireTokenSuccess @ https://myapps.microsoft.com/bundle/main.765b8a0d.js:1
[    4084ms] [LOG] [Wed, 27 May 2026 16:55:26 GMT] : [9522603f-1b22-4fb8-b898-ced310593640] : @azure/msal-browser@2.37.1 : Verbose - PerformanceClient: Emitting performance events @ https://myapps.microsoft.com/bundle/main.765b8a0d.js:1
[    4084ms] [LOG] [Wed, 27 May 2026 16:55:26 GMT] : [9522603f-1b22-4fb8-b898-ced310593640] : @azure/msal-browser@2.37.1 : Verbose - PerformanceTelemetryReporter: Emitting telemetry for acquireTokenSilent @ https://myapps.microsoft.com/bundle/main.765b8a0d.js:1
[    4084ms] [LOG] [Wed, 27 May 2026 16:55:26 GMT] : @azure/msal-browser@2.37.1 : Verbose - PerformanceTelemetryReporter: Sending acquireTokenSilent for tracking @ https://myapps.microsoft.com/bundle/main.765b8a0d.js:1
[    4085ms] [LOG] [Wed, 27 May 2026 16:55:26 GMT] : @azure/msal-common@13.1.0 : Info - CacheManager:getIdToken - Returning id token @ https://myapps.microsoft.com/bundle/main.765b8a0d.js:1
[    4085ms] [LOG] [Wed, 27 May 2026 16:55:26 GMT] : @azure/msal-browser@2.37.1 : Info - @iamexperiences/feature-auth, message: getMsalAuth: calling acquireTokenHelper method {"authority":"https://login.microsoftonline.com/456213cf-7073-47c6-bf49-41b654ad449b/","scopes":["https://graph.microsoft.com/AgentIdentity.Read.All"],"redirectUri":"https://myapps.microsoft.com/blank.html"} @ https://myapps.microsoft.com/bundle/main.765b8a0d.js:1
[    4085ms] [LOG] [Wed, 27 May 2026 16:55:26 GMT] : @azure/msal-browser@2.37.1 : Verbose - preflightBrowserEnvironmentCheck started @ https://myapps.microsoft.com/bundle/main.765b8a0d.js:1
[    4085ms] [LOG] [Wed, 27 May 2026 16:55:26 GMT] : [607d535d-95a5-438f-83f3-60baf57d04ed] : @azure/msal-browser@2.37.1 : Verbose - acquireTokenSilent called @ https://myapps.microsoft.com/bundle/main.765b8a0d.js:1
[    4085ms] [LOG] [Wed, 27 May 2026 16:55:26 GMT] : @azure/msal-common@13.1.0 : Info - CacheManager:getIdToken - Returning id token @ https://myapps.microsoft.com/bundle/main.765b8a0d.js:1
[    4085ms] [LOG] [Wed, 27 May 2026 16:55:26 GMT] : [607d535d-95a5-438f-83f3-60baf57d04ed] : @azure/msal-browser@2.37.1 : Verbose - acquireTokenSilent called for the first time, storing active request @ https://myapps.microsoft.com/bundle/main.765b8a0d.js:1
[    4085ms] [LOG] [Wed, 27 May 2026 16:55:26 GMT] : @azure/msal-browser@2.37.1 : Info - Emitting event: msal:acquireTokenStart @ https://myapps.microsoft.com/bundle/main.765b8a0d.js:1
[    4085ms] [LOG] [Wed, 27 May 2026 16:55:26 GMT] : @azure/msal-browser@2.37.1 : Verbose - Emitting event to callback 35b70c3c-d0fa-48bb-a8dd-012b5b7f5a67: msal:acquireTokenStart @ https://myapps.microsoft.com/bundle/main.765b8a0d.js:1
[    4085ms] [LOG] [Wed, 27 May 2026 16:55:26 GMT] : @azure/msal-browser@2.37.1 : Verbose - Emitting event to callback c7e2bf09-999d-4c7b-951b-0bfe99d096ed: msal:acquireTokenStart @ https://myapps.microsoft.com/bundle/main.765b8a0d.js:1
[    4085ms] [LOG] [Wed, 27 May 2026 16:55:26 GMT] : @azure/msal-browser@2.37.1 : Verbose - getAllAccounts called @ https://myapps.microsoft.com/bundle/main.765b8a0d.js:1
[    4085ms] [LOG] [Wed, 27 May 2026 16:55:26 GMT] : @azure/msal-common@13.1.0 : Info - CacheManager:getIdToken - Returning id token @ https://myapps.microsoft.com/bundle/main.765b8a0d.js:1
[    4086ms] [LOG] [Wed, 27 May 2026 16:55:26 GMT] : @azure/msal-browser@2.37.1 : Verbose - Emitting event to callback 5a7d7d61-2464-4db7-989a-01a3299a560d: msal:acquireTokenStart @ https://myapps.microsoft.com/bundle/main.765b8a0d.js:1
[    4086ms] [LOG] [Wed, 27 May 2026 16:55:26 GMT] : @azure/msal-browser@2.37.1 : Verbose - acquireTokenSilent - attempting to acquire token from web flow @ https://myapps.microsoft.com/bundle/main.765b8a0d.js:1
[    4086ms] [LOG] [Wed, 27 May 2026 16:55:26 GMT] : [607d535d-95a5-438f-83f3-60baf57d04ed] : msal.js.browser@2.37.1 : Verbose - Initializing BaseAuthRequest @ https://myapps.microsoft.com/bundle/main.765b8a0d.js:1
[    4086ms] [LOG] [Wed, 27 May 2026 16:55:26 GMT] : [607d535d-95a5-438f-83f3-60baf57d04ed] : msal.js.browser@2.37.1 : Verbose - getDiscoveredAuthority called @ https://myapps.microsoft.com/bundle/main.765b8a0d.js:1
[    4086ms] [LOG] [Wed, 27 May 2026 16:55:26 GMT] : [607d535d-95a5-438f-83f3-60baf57d04ed] : msal.js.browser@2.37.1 : Verbose - Creating discovered authority with configured authority @ https://myapps.microsoft.com/bundle/main.765b8a0d.js:1
[    4086ms] [LOG] [Wed, 27 May 2026 16:55:26 GMT] : [607d535d-95a5-438f-83f3-60baf57d04ed] : msal.js.browser@2.37.1 : Verbose - Attempting to get cloud discovery metadata in the config @ https://myapps.microsoft.com/bundle/main.765b8a0d.js:1
[    4086ms] [LOG] [Wed, 27 May 2026 16:55:26 GMT] : [607d535d-95a5-438f-83f3-60baf57d04ed] : msal.js.browser@2.37.1 : Verbose - Did not find cloud discovery metadata in the config... Attempting to get cloud discovery metadata from the cache. @ https://myapps.microsoft.com/bundle/main.765b8a0d.js:1
[    4086ms] [LOG] [Wed, 27 May 2026 16:55:26 GMT] : [607d535d-95a5-438f-83f3-60baf57d04ed] : msal.js.browser@2.37.1 : Verbose - Found metadata in the cache. @ https://myapps.microsoft.com/bundle/main.765b8a0d.js:1
[    4086ms] [LOG] [Wed, 27 May 2026 16:55:26 GMT] : [607d535d-95a5-438f-83f3-60baf57d04ed] : msal.js.browser@2.37.1 : Verbose - Authentication Scheme wasn't explicitly set in request, defaulting to "Bearer" request @ https://myapps.microsoft.com/bundle/main.765b8a0d.js:1
[    4086ms] [LOG] [Wed, 27 May 2026 16:55:26 GMT] : [607d535d-95a5-438f-83f3-60baf57d04ed] : msal.js.browser@2.37.1 : Verbose - initializeServerTelemetryManager called @ https://myapps.microsoft.com/bundle/main.765b8a0d.js:1
[    4086ms] [LOG] [Wed, 27 May 2026 16:55:26 GMT] : [607d535d-95a5-438f-83f3-60baf57d04ed] : msal.js.browser@2.37.1 : Verbose - getClientConfiguration called @ https://myapps.microsoft.com/bundle/main.765b8a0d.js:1
[    4086ms] [LOG] [Wed, 27 May 2026 16:55:26 GMT] : [607d535d-95a5-438f-83f3-60baf57d04ed] : msal.js.browser@2.37.1 : Verbose - getDiscoveredAuthority called @ https://myapps.microsoft.com/bundle/main.765b8a0d.js:1
[    4086ms] [LOG] [Wed, 27 May 2026 16:55:26 GMT] : [607d535d-95a5-438f-83f3-60baf57d04ed] : msal.js.browser@2.37.1 : Verbose - Creating discovered authority with configured authority @ https://myapps.microsoft.com/bundle/main.765b8a0d.js:1
[    4086ms] [LOG] [Wed, 27 May 2026 16:55:26 GMT] : [607d535d-95a5-438f-83f3-60baf57d04ed] : msal.js.browser@2.37.1 : Verbose - Attempting to get cloud discovery metadata in the config @ https://myapps.microsoft.com/bundle/main.765b8a0d.js:1
[    4086ms] [LOG] [Wed, 27 May 2026 16:55:26 GMT] : [607d535d-95a5-438f-83f3-60baf57d04ed] : msal.js.browser@2.37.1 : Verbose - Did not find cloud discovery metadata in the config... Attempting to get cloud discovery metadata from the cache. @ https://myapps.microsoft.com/bundle/main.765b8a0d.js:1
[    4086ms] [LOG] [Wed, 27 May 2026 16:55:26 GMT] : [607d535d-95a5-438f-83f3-60baf57d04ed] : msal.js.browser@2.37.1 : Verbose - Found metadata in the cache. @ https://myapps.microsoft.com/bundle/main.765b8a0d.js:1
[    4086ms] [LOG] [Wed, 27 May 2026 16:55:26 GMT] : [607d535d-95a5-438f-83f3-60baf57d04ed] : msal.js.browser@2.37.1 : Verbose - Silent auth client created @ https://myapps.microsoft.com/bundle/main.765b8a0d.js:1
[    4086ms] [LOG] [Wed, 27 May 2026 16:55:26 GMT] : @azure/msal-common@13.1.0 : Info - CacheManager:getIdToken - Returning id token @ https://myapps.microsoft.com/bundle/main.765b8a0d.js:1
[    4087ms] [LOG] [Wed, 27 May 2026 16:55:26 GMT] : @azure/msal-common@13.1.0 : Info - CacheManager:getAccessToken - Returning access token @ https://myapps.microsoft.com/bundle/main.765b8a0d.js:1
[    4087ms] [LOG] [Wed, 27 May 2026 16:55:26 GMT] : @azure/msal-common@13.1.0 : Info - CacheManager:getRefreshToken - returning refresh token @ https://myapps.microsoft.com/bundle/main.765b8a0d.js:1
[    4087ms] [LOG] [Wed, 27 May 2026 16:55:26 GMT] : @azure/msal-browser@2.37.1 : Info - Emitting event: msal:acquireTokenSuccess @ https://myapps.microsoft.com/bundle/main.765b8a0d.js:1
[    4087ms] [LOG] [Wed, 27 May 2026 16:55:26 GMT] : @azure/msal-browser@2.37.1 : Verbose - Emitting event to callback 35b70c3c-d0fa-48bb-a8dd-012b5b7f5a67: msal:acquireTokenSuccess @ https://myapps.microsoft.com/bundle/main.765b8a0d.js:1
[    4087ms] [LOG] [Wed, 27 May 2026 16:55:26 GMT] : @azure/msal-browser@2.37.1 : Info - @iamexperiences/feature-auth, message: getMsalAuth: storing latest account to browser storage @ https://myapps.microsoft.com/bundle/main.765b8a0d.js:1
[    4087ms] [LOG] [Wed, 27 May 2026 16:55:26 GMT] : @azure/msal-browser@2.37.1 : Info - @iamexperiences/feature-auth, message: getMsalAuth: Track new active account 456213cf-7073-47c6-bf49-41b654ad449b, 
          eventType: msal:acquireTokenSuccess, interactionType: silent @ https://myapps.microsoft.com/bundle/main.765b8a0d.js:1
[    4087ms] [LOG] [Wed, 27 May 2026 16:55:26 GMT] : @azure/msal-browser@2.37.1 : Verbose - setActiveAccount: Active account set @ https://myapps.microsoft.com/bundle/main.765b8a0d.js:1
[    4088ms] [LOG] [Wed, 27 May 2026 16:55:26 GMT] : @azure/msal-browser@2.37.1 : Verbose - Emitting event to callback c7e2bf09-999d-4c7b-951b-0bfe99d096ed: msal:acquireTokenSuccess @ https://myapps.microsoft.com/bundle/main.765b8a0d.js:1
[    4088ms] [LOG] [Wed, 27 May 2026 16:55:26 GMT] : @azure/msal-browser@2.37.1 : Verbose - getAllAccounts called @ https://myapps.microsoft.com/bundle/main.765b8a0d.js:1
[    4088ms] [LOG] [Wed, 27 May 2026 16:55:26 GMT] : @azure/msal-common@13.1.0 : Info - CacheManager:getIdToken - Returning id token @ https://myapps.microsoft.com/bundle/main.765b8a0d.js:1
[    4088ms] [LOG] [Wed, 27 May 2026 16:55:26 GMT] : @azure/msal-browser@2.37.1 : Verbose - Emitting event to callback 5a7d7d61-2464-4db7-989a-01a3299a560d: msal:acquireTokenSuccess @ https://myapps.microsoft.com/bundle/main.765b8a0d.js:1
[    4088ms] [LOG] [Wed, 27 May 2026 16:55:26 GMT] : [607d535d-95a5-438f-83f3-60baf57d04ed] : @azure/msal-browser@2.37.1 : Verbose - PerformanceClient: Emitting performance events @ https://myapps.microsoft.com/bundle/main.765b8a0d.js:1
[    4088ms] [LOG] [Wed, 27 May 2026 16:55:26 GMT] : [607d535d-95a5-438f-83f3-60baf57d04ed] : @azure/msal-browser@2.37.1 : Verbose - PerformanceTelemetryReporter: Emitting telemetry for acquireTokenSilent @ https://myapps.microsoft.com/bundle/main.765b8a0d.js:1
[    4088ms] [LOG] [Wed, 27 May 2026 16:55:26 GMT] : @azure/msal-browser@2.37.1 : Verbose - PerformanceTelemetryReporter: Sending acquireTokenSilent for tracking @ https://myapps.microsoft.com/bundle/main.765b8a0d.js:1
[    4088ms] [LOG] [Wed, 27 May 2026 16:55:26 GMT] : @azure/msal-common@13.1.0 : Info - CacheManager:getIdToken - Returning id token @ https://myapps.microsoft.com/bundle/main.765b8a0d.js:1
[    4089ms] [LOG] [Wed, 27 May 2026 16:55:26 GMT] : @azure/msal-browser@2.37.1 : Info - @iamexperiences/feature-auth, message: getMsalAuth: calling acquireTokenHelper method {"authority":"https://login.microsoftonline.com/456213cf-7073-47c6-bf49-41b654ad449b/","scopes":["https://graph.microsoft.com/AgentIdentity.Read.All"],"redirectUri":"https://myapps.microsoft.com/blank.html"} @ https://myapps.microsoft.com/bundle/main.765b8a0d.js:1
[    4089ms] [LOG] [Wed, 27 May 2026 16:55:26 GMT] : @azure/msal-browser@2.37.1 : Verbose - preflightBrowserEnvironmentCheck started @ https://myapps.microsoft.com/bundle/main.765b8a0d.js:1
[    4089ms] [LOG] [Wed, 27 May 2026 16:55:26 GMT] : [cf0fffb0-91c0-4b41-a40c-d4f07995d4db] : @azure/msal-browser@2.37.1 : Verbose - acquireTokenSilent called @ https://myapps.microsoft.com/bundle/main.765b8a0d.js:1
[    4089ms] [LOG] [Wed, 27 May 2026 16:55:26 GMT] : @azure/msal-common@13.1.0 : Info - CacheManager:getIdToken - Returning id token @ https://myapps.microsoft.com/bundle/main.765b8a0d.js:1
[    4089ms] [LOG] [Wed, 27 May 2026 16:55:26 GMT] : [cf0fffb0-91c0-4b41-a40c-d4f07995d4db] : @azure/msal-browser@2.37.1 : Verbose - acquireTokenSilent called for the first time, storing active request @ https://myapps.microsoft.com/bundle/main.765b8a0d.js:1
[    4089ms] [LOG] [Wed, 27 May 2026 16:55:26 GMT] : @azure/msal-browser@2.37.1 : Info - Emitting event: msal:acquireTokenStart @ https://myapps.microsoft.com/bundle/main.765b8a0d.js:1
[    4089ms] [LOG] [Wed, 27 May 2026 16:55:26 GMT] : @azure/msal-browser@2.37.1 : Verbose - Emitting event to callback 35b70c3c-d0fa-48bb-a8dd-012b5b7f5a67: msal:acquireTokenStart @ https://myapps.microsoft.com/bundle/main.765b8a0d.js:1
[    4089ms] [LOG] [Wed, 27 May 2026 16:55:26 GMT] : @azure/msal-browser@2.37.1 : Verbose - Emitting event to callback c7e2bf09-999d-4c7b-951b-0bfe99d096ed: msal:acquireTokenStart @ https://myapps.microsoft.com/bundle/main.765b8a0d.js:1
[    4089ms] [LOG] [Wed, 27 May 2026 16:55:26 GMT] : @azure/msal-browser@2.37.1 : Verbose - getAllAccounts called @ https://myapps.microsoft.com/bundle/main.765b8a0d.js:1
[    4089ms] [LOG] [Wed, 27 May 2026 16:55:26 GMT] : @azure/msal-common@13.1.0 : Info - CacheManager:getIdToken - Returning id token @ https://myapps.microsoft.com/bundle/main.765b8a0d.js:1
[    4090ms] [LOG] [Wed, 27 May 2026 16:55:26 GMT] : @azure/msal-browser@2.37.1 : Verbose - Emitting event to callback 5a7d7d61-2464-4db7-989a-01a3299a560d: msal:acquireTokenStart @ https://myapps.microsoft.com/bundle/main.765b8a0d.js:1
[    4090ms] [LOG] [Wed, 27 May 2026 16:55:26 GMT] : @azure/msal-browser@2.37.1 : Verbose - acquireTokenSilent - attempting to acquire token from web flow @ https://myapps.microsoft.com/bundle/main.765b8a0d.js:1
[    4090ms] [LOG] [Wed, 27 May 2026 16:55:26 GMT] : [cf0fffb0-91c0-4b41-a40c-d4f07995d4db] : msal.js.browser@2.37.1 : Verbose - Initializing BaseAuthRequest @ https://myapps.microsoft.com/bundle/main.765b8a0d.js:1
[    4090ms] [LOG] [Wed, 27 May 2026 16:55:26 GMT] : [cf0fffb0-91c0-4b41-a40c-d4f07995d4db] : msal.js.browser@2.37.1 : Verbose - getDiscoveredAuthority called @ https://myapps.microsoft.com/bundle/main.765b8a0d.js:1
[    4090ms] [LOG] [Wed, 27 May 2026 16:55:26 GMT] : [cf0fffb0-91c0-4b41-a40c-d4f07995d4db] : msal.js.browser@2.37.1 : Verbose - Creating discovered authority with configured authority @ https://myapps.microsoft.com/bundle/main.765b8a0d.js:1
[    4090ms] [LOG] [Wed, 27 May 2026 16:55:26 GMT] : [cf0fffb0-91c0-4b41-a40c-d4f07995d4db] : msal.js.browser@2.37.1 : Verbose - Attempting to get cloud discovery metadata in the config @ https://myapps.microsoft.com/bundle/main.765b8a0d.js:1
[    4090ms] [LOG] [Wed, 27 May 2026 16:55:26 GMT] : [cf0fffb0-91c0-4b41-a40c-d4f07995d4db] : msal.js.browser@2.37.1 : Verbose - Did not find cloud discovery metadata in the config... Attempting to get cloud discovery metadata from the cache. @ https://myapps.microsoft.com/bundle/main.765b8a0d.js:1
[    4090ms] [LOG] [Wed, 27 May 2026 16:55:26 GMT] : [cf0fffb0-91c0-4b41-a40c-d4f07995d4db] : msal.js.browser@2.37.1 : Verbose - Found metadata in the cache. @ https://myapps.microsoft.com/bundle/main.765b8a0d.js:1
[    4090ms] [LOG] [Wed, 27 May 2026 16:55:26 GMT] : [cf0fffb0-91c0-4b41-a40c-d4f07995d4db] : msal.js.browser@2.37.1 : Verbose - Authentication Scheme wasn't explicitly set in request, defaulting to "Bearer" request @ https://myapps.microsoft.com/bundle/main.765b8a0d.js:1
[    4090ms] [LOG] [Wed, 27 May 2026 16:55:26 GMT] : [cf0fffb0-91c0-4b41-a40c-d4f07995d4db] : msal.js.browser@2.37.1 : Verbose - initializeServerTelemetryManager called @ https://myapps.microsoft.com/bundle/main.765b8a0d.js:1
[    4090ms] [LOG] [Wed, 27 May 2026 16:55:26 GMT] : [cf0fffb0-91c0-4b41-a40c-d4f07995d4db] : msal.js.browser@2.37.1 : Verbose - getClientConfiguration called @ https://myapps.microsoft.com/bundle/main.765b8a0d.js:1
[    4090ms] [LOG] [Wed, 27 May 2026 16:55:26 GMT] : [cf0fffb0-91c0-4b41-a40c-d4f07995d4db] : msal.js.browser@2.37.1 : Verbose - getDiscoveredAuthority called @ https://myapps.microsoft.com/bundle/main.765b8a0d.js:1
[    4090ms] [LOG] [Wed, 27 May 2026 16:55:26 GMT] : [cf0fffb0-91c0-4b41-a40c-d4f07995d4db] : msal.js.browser@2.37.1 : Verbose - Creating discovered authority with configured authority @ https://myapps.microsoft.com/bundle/main.765b8a0d.js:1
[    4090ms] [LOG] [Wed, 27 May 2026 16:55:26 GMT] : [cf0fffb0-91c0-4b41-a40c-d4f07995d4db] : msal.js.browser@2.37.1 : Verbose - Attempting to get cloud discovery metadata in the config @ https://myapps.microsoft.com/bundle/main.765b8a0d.js:1
[    4090ms] [LOG] [Wed, 27 May 2026 16:55:26 GMT] : [cf0fffb0-91c0-4b41-a40c-d4f07995d4db] : msal.js.browser@2.37.1 : Verbose - Did not find cloud discovery metadata in the config... Attempting to get cloud discovery metadata from the cache. @ https://myapps.microsoft.com/bundle/main.765b8a0d.js:1
[    4090ms] [LOG] [Wed, 27 May 2026 16:55:26 GMT] : [cf0fffb0-91c0-4b41-a40c-d4f07995d4db] : msal.js.browser@2.37.1 : Verbose - Found metadata in the cache. @ https://myapps.microsoft.com/bundle/main.765b8a0d.js:1
[    4090ms] [LOG] [Wed, 27 May 2026 16:55:26 GMT] : [cf0fffb0-91c0-4b41-a40c-d4f07995d4db] : msal.js.browser@2.37.1 : Verbose - Silent auth client created @ https://myapps.microsoft.com/bundle/main.765b8a0d.js:1
[    4090ms] [LOG] [Wed, 27 May 2026 16:55:26 GMT] : @azure/msal-common@13.1.0 : Info - CacheManager:getIdToken - Returning id token @ https://myapps.microsoft.com/bundle/main.765b8a0d.js:1
[    4091ms] [LOG] [Wed, 27 May 2026 16:55:26 GMT] : @azure/msal-common@13.1.0 : Info - CacheManager:getAccessToken - Returning access token @ https://myapps.microsoft.com/bundle/main.765b8a0d.js:1
[    4091ms] [LOG] [Wed, 27 May 2026 16:55:26 GMT] : @azure/msal-common@13.1.0 : Info - CacheManager:getRefreshToken - returning refresh token @ https://myapps.microsoft.com/bundle/main.765b8a0d.js:1
[    4091ms] [LOG] [Wed, 27 May 2026 16:55:26 GMT] : @azure/msal-browser@2.37.1 : Info - Emitting event: msal:acquireTokenSuccess @ https://myapps.microsoft.com/bundle/main.765b8a0d.js:1
[    4091ms] [LOG] [Wed, 27 May 2026 16:55:26 GMT] : @azure/msal-browser@2.37.1 : Verbose - Emitting event to callback 35b70c3c-d0fa-48bb-a8dd-012b5b7f5a67: msal:acquireTokenSuccess @ https://myapps.microsoft.com/bundle/main.765b8a0d.js:1
[    4091ms] [LOG] [Wed, 27 May 2026 16:55:26 GMT] : @azure/msal-browser@2.37.1 : Info - @iamexperiences/feature-auth, message: getMsalAuth: storing latest account to browser storage @ https://myapps.microsoft.com/bundle/main.765b8a0d.js:1
[    4091ms] [LOG] [Wed, 27 May 2026 16:55:26 GMT] : @azure/msal-browser@2.37.1 : Info - @iamexperiences/feature-auth, message: getMsalAuth: Track new active account 456213cf-7073-47c6-bf49-41b654ad449b, 
          eventType: msal:acquireTokenSuccess, interactionType: silent @ https://myapps.microsoft.com/bundle/main.765b8a0d.js:1
[    4091ms] [LOG] [Wed, 27 May 2026 16:55:26 GMT] : @azure/msal-browser@2.37.1 : Verbose - setActiveAccount: Active account set @ https://myapps.microsoft.com/bundle/main.765b8a0d.js:1
[    4091ms] [LOG] [Wed, 27 May 2026 16:55:26 GMT] : @azure/msal-browser@2.37.1 : Verbose - Emitting event to callback c7e2bf09-999d-4c7b-951b-0bfe99d096ed: msal:acquireTokenSuccess @ https://myapps.microsoft.com/bundle/main.765b8a0d.js:1
[    4091ms] [LOG] [Wed, 27 May 2026 16:55:26 GMT] : @azure/msal-browser@2.37.1 : Verbose - getAllAccounts called @ https://myapps.microsoft.com/bundle/main.765b8a0d.js:1
[    4091ms] [LOG] [Wed, 27 May 2026 16:55:26 GMT] : @azure/msal-common@13.1.0 : Info - CacheManager:getIdToken - Returning id token @ https://myapps.microsoft.com/bundle/main.765b8a0d.js:1
[    4092ms] [LOG] [Wed, 27 May 2026 16:55:26 GMT] : @azure/msal-browser@2.37.1 : Verbose - Emitting event to callback 5a7d7d61-2464-4db7-989a-01a3299a560d: msal:acquireTokenSuccess @ https://myapps.microsoft.com/bundle/main.765b8a0d.js:1
[    4092ms] [LOG] [Wed, 27 May 2026 16:55:26 GMT] : [cf0fffb0-91c0-4b41-a40c-d4f07995d4db] : @azure/msal-browser@2.37.1 : Verbose - PerformanceClient: Emitting performance events @ https://myapps.microsoft.com/bundle/main.765b8a0d.js:1
[    4092ms] [LOG] [Wed, 27 May 2026 16:55:26 GMT] : [cf0fffb0-91c0-4b41-a40c-d4f07995d4db] : @azure/msal-browser@2.37.1 : Verbose - PerformanceTelemetryReporter: Emitting telemetry for acquireTokenSilent @ https://myapps.microsoft.com/bundle/main.765b8a0d.js:1
[    4092ms] [LOG] [Wed, 27 May 2026 16:55:26 GMT] : @azure/msal-browser@2.37.1 : Verbose - PerformanceTelemetryReporter: Sending acquireTokenSilent for tracking @ https://myapps.microsoft.com/bundle/main.765b8a0d.js:1
[    4092ms] [LOG] [Wed, 27 May 2026 16:55:26 GMT] : @azure/msal-browser@2.37.1 : Info - @iamexperiences/feature-auth, message: getMsalAuth: Calling original pbca.acquireTokenSilent with ["openid","profile","offline_access"] @ https://myapps.microsoft.com/bundle/main.765b8a0d.js:1
[    4092ms] [LOG] [Wed, 27 May 2026 16:55:26 GMT] : @azure/msal-browser@2.37.1 : Verbose - preflightBrowserEnvironmentCheck started @ https://myapps.microsoft.com/bundle/main.765b8a0d.js:1
[    4092ms] [LOG] [Wed, 27 May 2026 16:55:26 GMT] : [a04ab4ce-f799-4f47-a851-77dd7521a8f0] : @azure/msal-browser@2.37.1 : Verbose - acquireTokenSilent called @ https://myapps.microsoft.com/bundle/main.765b8a0d.js:1
[    4092ms] [LOG] [Wed, 27 May 2026 16:55:26 GMT] : [a04ab4ce-f799-4f47-a851-77dd7521a8f0] : @azure/msal-browser@2.37.1 : Verbose - acquireTokenSilent called for the first time, storing active request @ https://myapps.microsoft.com/bundle/main.765b8a0d.js:1
[    4092ms] [LOG] [Wed, 27 May 2026 16:55:26 GMT] : @azure/msal-browser@2.37.1 : Info - Emitting event: msal:acquireTokenStart @ https://myapps.microsoft.com/bundle/main.765b8a0d.js:1
[    4092ms] [LOG] [Wed, 27 May 2026 16:55:26 GMT] : @azure/msal-browser@2.37.1 : Verbose - Emitting event to callback 35b70c3c-d0fa-48bb-a8dd-012b5b7f5a67: msal:acquireTokenStart @ https://myapps.microsoft.com/bundle/main.765b8a0d.js:1
[    4092ms] [LOG] [Wed, 27 May 2026 16:55:26 GMT] : @azure/msal-browser@2.37.1 : Verbose - Emitting event to callback c7e2bf09-999d-4c7b-951b-0bfe99d096ed: msal:acquireTokenStart @ https://myapps.microsoft.com/bundle/main.765b8a0d.js:1
[    4092ms] [LOG] [Wed, 27 May 2026 16:55:26 GMT] : @azure/msal-browser@2.37.1 : Verbose - getAllAccounts called @ https://myapps.microsoft.com/bundle/main.765b8a0d.js:1
[    4092ms] [LOG] [Wed, 27 May 2026 16:55:26 GMT] : @azure/msal-common@13.1.0 : Info - CacheManager:getIdToken - Returning id token @ https://myapps.microsoft.com/bundle/main.765b8a0d.js:1
[    4093ms] [LOG] [Wed, 27 May 2026 16:55:26 GMT] : @azure/msal-browser@2.37.1 : Verbose - Emitting event to callback 5a7d7d61-2464-4db7-989a-01a3299a560d: msal:acquireTokenStart @ https://myapps.microsoft.com/bundle/main.765b8a0d.js:1
[    4093ms] [LOG] [Wed, 27 May 2026 16:55:26 GMT] : @azure/msal-browser@2.37.1 : Verbose - acquireTokenSilent - attempting to acquire token from web flow @ https://myapps.microsoft.com/bundle/main.765b8a0d.js:1
[    4093ms] [LOG] [Wed, 27 May 2026 16:55:26 GMT] : [a04ab4ce-f799-4f47-a851-77dd7521a8f0] : msal.js.browser@2.37.1 : Verbose - Initializing BaseAuthRequest @ https://myapps.microsoft.com/bundle/main.765b8a0d.js:1
[    4093ms] [LOG] [Wed, 27 May 2026 16:55:26 GMT] : [a04ab4ce-f799-4f47-a851-77dd7521a8f0] : msal.js.browser@2.37.1 : Verbose - getDiscoveredAuthority called @ https://myapps.microsoft.com/bundle/main.765b8a0d.js:1
[    4093ms] [LOG] [Wed, 27 May 2026 16:55:26 GMT] : [a04ab4ce-f799-4f47-a851-77dd7521a8f0] : msal.js.browser@2.37.1 : Verbose - Creating discovered authority with configured authority @ https://myapps.microsoft.com/bundle/main.765b8a0d.js:1
[    4093ms] [LOG] [Wed, 27 May 2026 16:55:26 GMT] : [a04ab4ce-f799-4f47-a851-77dd7521a8f0] : msal.js.browser@2.37.1 : Verbose - Attempting to get cloud discovery metadata in the config @ https://myapps.microsoft.com/bundle/main.765b8a0d.js:1
[    4093ms] [LOG] [Wed, 27 May 2026 16:55:26 GMT] : [a04ab4ce-f799-4f47-a851-77dd7521a8f0] : msal.js.browser@2.37.1 : Verbose - Did not find cloud discovery metadata in the config... Attempting to get cloud discovery metadata from the cache. @ https://myapps.microsoft.com/bundle/main.765b8a0d.js:1
[    4093ms] [LOG] [Wed, 27 May 2026 16:55:26 GMT] : [a04ab4ce-f799-4f47-a851-77dd7521a8f0] : msal.js.browser@2.37.1 : Verbose - Found metadata in the cache. @ https://myapps.microsoft.com/bundle/main.765b8a0d.js:1
[    4093ms] [LOG] [Wed, 27 May 2026 16:55:26 GMT] : [a04ab4ce-f799-4f47-a851-77dd7521a8f0] : msal.js.browser@2.37.1 : Verbose - Authentication Scheme wasn't explicitly set in request, defaulting to "Bearer" request @ https://myapps.microsoft.com/bundle/main.765b8a0d.js:1
[    4093ms] [LOG] [Wed, 27 May 2026 16:55:26 GMT] : [a04ab4ce-f799-4f47-a851-77dd7521a8f0] : msal.js.browser@2.37.1 : Verbose - initializeServerTelemetryManager called @ https://myapps.microsoft.com/bundle/main.765b8a0d.js:1
[    4093ms] [LOG] [Wed, 27 May 2026 16:55:26 GMT] : [a04ab4ce-f799-4f47-a851-77dd7521a8f0] : msal.js.browser@2.37.1 : Verbose - getClientConfiguration called @ https://myapps.microsoft.com/bundle/main.765b8a0d.js:1
[    4093ms] [LOG] [Wed, 27 May 2026 16:55:26 GMT] : [a04ab4ce-f799-4f47-a851-77dd7521a8f0] : msal.js.browser@2.37.1 : Verbose - getDiscoveredAuthority called @ https://myapps.microsoft.com/bundle/main.765b8a0d.js:1
[    4093ms] [LOG] [Wed, 27 May 2026 16:55:26 GMT] : [a04ab4ce-f799-4f47-a851-77dd7521a8f0] : msal.js.browser@2.37.1 : Verbose - Creating discovered authority with configured authority @ https://myapps.microsoft.com/bundle/main.765b8a0d.js:1
[    4093ms] [LOG] [Wed, 27 May 2026 16:55:26 GMT] : [a04ab4ce-f799-4f47-a851-77dd7521a8f0] : msal.js.browser@2.37.1 : Verbose - Attempting to get cloud discovery metadata in the config @ https://myapps.microsoft.com/bundle/main.765b8a0d.js:1
[    4093ms] [LOG] [Wed, 27 May 2026 16:55:26 GMT] : [a04ab4ce-f799-4f47-a851-77dd7521a8f0] : msal.js.browser@2.37.1 : Verbose - Did not find cloud discovery metadata in the config... Attempting to get cloud discovery metadata from the cache. @ https://myapps.microsoft.com/bundle/main.765b8a0d.js:1
[    4093ms] [LOG] [Wed, 27 May 2026 16:55:26 GMT] : [a04ab4ce-f799-4f47-a851-77dd7521a8f0] : msal.js.browser@2.37.1 : Verbose - Found metadata in the cache. @ https://myapps.microsoft.com/bundle/main.765b8a0d.js:1
[    4093ms] [LOG] [Wed, 27 May 2026 16:55:26 GMT] : [a04ab4ce-f799-4f47-a851-77dd7521a8f0] : msal.js.browser@2.37.1 : Verbose - Silent auth client created @ https://myapps.microsoft.com/bundle/main.765b8a0d.js:1
[    4093ms] [LOG] [Wed, 27 May 2026 16:55:26 GMT] : @azure/msal-common@13.1.0 : Info - CacheManager:getIdToken - Returning id token @ https://myapps.microsoft.com/bundle/main.765b8a0d.js:1
[    4094ms] [LOG] [Wed, 27 May 2026 16:55:26 GMT] : @azure/msal-browser@2.37.1 : Info - Emitting event: msal:acquireTokenFromNetworkStart @ https://myapps.microsoft.com/bundle/main.765b8a0d.js:1
[    4094ms] [LOG] [Wed, 27 May 2026 16:55:26 GMT] : @azure/msal-browser@2.37.1 : Verbose - Emitting event to callback 35b70c3c-d0fa-48bb-a8dd-012b5b7f5a67: msal:acquireTokenFromNetworkStart @ https://myapps.microsoft.com/bundle/main.765b8a0d.js:1
[    4094ms] [LOG] [Wed, 27 May 2026 16:55:26 GMT] : @azure/msal-browser@2.37.1 : Verbose - Emitting event to callback c7e2bf09-999d-4c7b-951b-0bfe99d096ed: msal:acquireTokenFromNetworkStart @ https://myapps.microsoft.com/bundle/main.765b8a0d.js:1
[    4094ms] [LOG] [Wed, 27 May 2026 16:55:26 GMT] : @azure/msal-browser@2.37.1 : Verbose - getAllAccounts called @ https://myapps.microsoft.com/bundle/main.765b8a0d.js:1
[    4094ms] [LOG] [Wed, 27 May 2026 16:55:26 GMT] : @azure/msal-common@13.1.0 : Info - CacheManager:getIdToken - Returning id token @ https://myapps.microsoft.com/bundle/main.765b8a0d.js:1
[    4094ms] [LOG] [Wed, 27 May 2026 16:55:26 GMT] : @azure/msal-browser@2.37.1 : Verbose - Emitting event to callback 5a7d7d61-2464-4db7-989a-01a3299a560d: msal:acquireTokenFromNetworkStart @ https://myapps.microsoft.com/bundle/main.765b8a0d.js:1
[    4094ms] [LOG] [Wed, 27 May 2026 16:55:26 GMT] : [a04ab4ce-f799-4f47-a851-77dd7521a8f0] : msal.js.browser@2.37.1 : Verbose - Initializing BaseAuthRequest @ https://myapps.microsoft.com/bundle/main.765b8a0d.js:1
[    4094ms] [LOG] [Wed, 27 May 2026 16:55:26 GMT] : [a04ab4ce-f799-4f47-a851-77dd7521a8f0] : msal.js.browser@2.37.1 : Verbose - getDiscoveredAuthority called @ https://myapps.microsoft.com/bundle/main.765b8a0d.js:1
[    4094ms] [LOG] [Wed, 27 May 2026 16:55:26 GMT] : [a04ab4ce-f799-4f47-a851-77dd7521a8f0] : msal.js.browser@2.37.1 : Verbose - Creating discovered authority with configured authority @ https://myapps.microsoft.com/bundle/main.765b8a0d.js:1
[    4094ms] [LOG] [Wed, 27 May 2026 16:55:26 GMT] : [a04ab4ce-f799-4f47-a851-77dd7521a8f0] : msal.js.browser@2.37.1 : Verbose - Attempting to get cloud discovery metadata in the config @ https://myapps.microsoft.com/bundle/main.765b8a0d.js:1
[    4094ms] [LOG] [Wed, 27 May 2026 16:55:26 GMT] : [a04ab4ce-f799-4f47-a851-77dd7521a8f0] : msal.js.browser@2.37.1 : Verbose - Did not find cloud discovery metadata in the config... Attempting to get cloud discovery metadata from the cache. @ https://myapps.microsoft.com/bundle/main.765b8a0d.js:1
[    4094ms] [LOG] [Wed, 27 May 2026 16:55:26 GMT] : [a04ab4ce-f799-4f47-a851-77dd7521a8f0] : msal.js.browser@2.37.1 : Verbose - Found metadata in the cache. @ https://myapps.microsoft.com/bundle/main.765b8a0d.js:1
[    4094ms] [LOG] [Wed, 27 May 2026 16:55:26 GMT] : [a04ab4ce-f799-4f47-a851-77dd7521a8f0] : msal.js.browser@2.37.1 : Verbose - Authentication Scheme set to "Bearer" as configured in Auth request @ https://myapps.microsoft.com/bundle/main.765b8a0d.js:1
[    4094ms] [LOG] [Wed, 27 May 2026 16:55:26 GMT] : [a04ab4ce-f799-4f47-a851-77dd7521a8f0] : msal.js.browser@2.37.1 : Verbose - initializeServerTelemetryManager called @ https://myapps.microsoft.com/bundle/main.765b8a0d.js:1
[    4094ms] [LOG] [Wed, 27 May 2026 16:55:26 GMT] : [a04ab4ce-f799-4f47-a851-77dd7521a8f0] : msal.js.browser@2.37.1 : Verbose - getClientConfiguration called @ https://myapps.microsoft.com/bundle/main.765b8a0d.js:1
[    4094ms] [LOG] [Wed, 27 May 2026 16:55:26 GMT] : [a04ab4ce-f799-4f47-a851-77dd7521a8f0] : msal.js.browser@2.37.1 : Verbose - getDiscoveredAuthority called @ https://myapps.microsoft.com/bundle/main.765b8a0d.js:1
[    4094ms] [LOG] [Wed, 27 May 2026 16:55:26 GMT] : [a04ab4ce-f799-4f47-a851-77dd7521a8f0] : msal.js.browser@2.37.1 : Verbose - Creating discovered authority with configured authority @ https://myapps.microsoft.com/bundle/main.765b8a0d.js:1
[    4094ms] [LOG] [Wed, 27 May 2026 16:55:26 GMT] : [a04ab4ce-f799-4f47-a851-77dd7521a8f0] : msal.js.browser@2.37.1 : Verbose - Attempting to get cloud discovery metadata in the config @ https://myapps.microsoft.com/bundle/main.765b8a0d.js:1
[    4094ms] [LOG] [Wed, 27 May 2026 16:55:26 GMT] : [a04ab4ce-f799-4f47-a851-77dd7521a8f0] : msal.js.browser@2.37.1 : Verbose - Did not find cloud discovery metadata in the config... Attempting to get cloud discovery metadata from the cache. @ https://myapps.microsoft.com/bundle/main.765b8a0d.js:1
[    4094ms] [LOG] [Wed, 27 May 2026 16:55:26 GMT] : [a04ab4ce-f799-4f47-a851-77dd7521a8f0] : msal.js.browser@2.37.1 : Verbose - Found metadata in the cache. @ https://myapps.microsoft.com/bundle/main.765b8a0d.js:1
[    4095ms] [LOG] [Wed, 27 May 2026 16:55:26 GMT] : [a04ab4ce-f799-4f47-a851-77dd7521a8f0] : msal.js.browser@2.37.1 : Verbose - Refresh token client created @ https://myapps.microsoft.com/bundle/main.765b8a0d.js:1
[    4095ms] [LOG] [Wed, 27 May 2026 16:55:26 GMT] : [a04ab4ce-f799-4f47-a851-77dd7521a8f0] : @azure/msal-common@13.1.0 : Verbose - RefreshTokenClientAcquireTokenWithCachedRefreshToken called @ https://myapps.microsoft.com/bundle/main.765b8a0d.js:1
[    4095ms] [LOG] [Wed, 27 May 2026 16:55:26 GMT] : @azure/msal-common@13.1.0 : Info - CacheManager:getRefreshToken - returning refresh token @ https://myapps.microsoft.com/bundle/main.765b8a0d.js:1
[    4095ms] [LOG] [Wed, 27 May 2026 16:55:26 GMT] : [a04ab4ce-f799-4f47-a851-77dd7521a8f0] : @azure/msal-common@13.1.0 : Verbose - RefreshTokenClientAcquireToken called @ https://myapps.microsoft.com/bundle/main.765b8a0d.js:1
[    4280ms] [ERROR] Failed to load resource: the server responded with a status of 404 () @ https://graph.microsoft.com/v1.0/me/photos/96x96/$value?state=1ec997bc-b944-42c9-ac0c-c7aa72ad87f0:0
[    4288ms] [ERROR] Failed to load resource: the server responded with a status of 404 () @ https://graph.microsoft.com/v1.0/me/photos/96x96/$value?state=e4182b6b-fe09-4bb4-874a-e60f8bfa099e:0
[    4280ms] [ERROR] Failed to load resource: the server responded with a status of 404 () @ https://graph.microsoft.com/v1.0/me/photos/96x96/$value?state=1ec997bc-b944-42c9-ac0c-c7aa72ad87f0:0
[    4288ms] [ERROR] Failed to load resource: the server responded with a status of 404 () @ https://graph.microsoft.com/v1.0/me/photos/96x96/$value?state=e4182b6b-fe09-4bb4-874a-e60f8bfa099e:0
[    4347ms] [LOG] [Wed, 27 May 2026 16:55:27 GMT] : @azure/msal-browser@2.37.1 : Verbose - BrowserCacheManager.addAccountKeyToMap account key already exists in map @ https://myapps.microsoft.com/bundle/main.765b8a0d.js:1
[    4348ms] [LOG] [Wed, 27 May 2026 16:55:27 GMT] : @azure/msal-browser@2.37.1 : Info - BrowserCacheManager: removeTokenKey - accessToken removed from map @ https://myapps.microsoft.com/bundle/main.765b8a0d.js:1
[    4348ms] [LOG] [Wed, 27 May 2026 16:55:27 GMT] : @azure/msal-browser@2.37.1 : Info - BrowserCacheManager: addTokenKey - accessToken added to map @ https://myapps.microsoft.com/bundle/main.765b8a0d.js:1
[    4348ms] [LOG] [Wed, 27 May 2026 16:55:27 GMT] : @azure/msal-browser@2.37.1 : Info - Emitting event: msal:acquireTokenSuccess @ https://myapps.microsoft.com/bundle/main.765b8a0d.js:1
[    4348ms] [LOG] [Wed, 27 May 2026 16:55:27 GMT] : @azure/msal-browser@2.37.1 : Verbose - Emitting event to callback 35b70c3c-d0fa-48bb-a8dd-012b5b7f5a67: msal:acquireTokenSuccess @ https://myapps.microsoft.com/bundle/main.765b8a0d.js:1
[    4348ms] [LOG] [Wed, 27 May 2026 16:55:27 GMT] : @azure/msal-browser@2.37.1 : Info - @iamexperiences/feature-auth, message: getMsalAuth: storing latest account to browser storage @ https://myapps.microsoft.com/bundle/main.765b8a0d.js:1
[    4348ms] [LOG] [Wed, 27 May 2026 16:55:27 GMT] : @azure/msal-browser@2.37.1 : Info - @iamexperiences/feature-auth, message: getMsalAuth: Track new active account 456213cf-7073-47c6-bf49-41b654ad449b, 
          eventType: msal:acquireTokenSuccess, interactionType: silent @ https://myapps.microsoft.com/bundle/main.765b8a0d.js:1
[    4349ms] [LOG] [Wed, 27 May 2026 16:55:27 GMT] : @azure/msal-browser@2.37.1 : Verbose - setActiveAccount: Active account set @ https://myapps.microsoft.com/bundle/main.765b8a0d.js:1
[    4349ms] [LOG] [Wed, 27 May 2026 16:55:27 GMT] : @azure/msal-browser@2.37.1 : Verbose - Emitting event to callback c7e2bf09-999d-4c7b-951b-0bfe99d096ed: msal:acquireTokenSuccess @ https://myapps.microsoft.com/bundle/main.765b8a0d.js:1
[    4349ms] [LOG] [Wed, 27 May 2026 16:55:27 GMT] : @azure/msal-browser@2.37.1 : Verbose - getAllAccounts called @ https://myapps.microsoft.com/bundle/main.765b8a0d.js:1
[    4349ms] [LOG] [Wed, 27 May 2026 16:55:27 GMT] : @azure/msal-common@13.1.0 : Info - CacheManager:getIdToken - Returning id token @ https://myapps.microsoft.com/bundle/main.765b8a0d.js:1
[    4349ms] [LOG] [Wed, 27 May 2026 16:55:27 GMT] : @azure/msal-browser@2.37.1 : Verbose - Emitting event to callback 5a7d7d61-2464-4db7-989a-01a3299a560d: msal:acquireTokenSuccess @ https://myapps.microsoft.com/bundle/main.765b8a0d.js:1
[    4349ms] [LOG] [Wed, 27 May 2026 16:55:27 GMT] : [a04ab4ce-f799-4f47-a851-77dd7521a8f0] : @azure/msal-browser@2.37.1 : Verbose - PerformanceClient: Emitting performance events @ https://myapps.microsoft.com/bundle/main.765b8a0d.js:1
[    4349ms] [LOG] [Wed, 27 May 2026 16:55:27 GMT] : [a04ab4ce-f799-4f47-a851-77dd7521a8f0] : @azure/msal-browser@2.37.1 : Verbose - PerformanceTelemetryReporter: Emitting telemetry for acquireTokenSilent @ https://myapps.microsoft.com/bundle/main.765b8a0d.js:1
[    4349ms] [LOG] [Wed, 27 May 2026 16:55:27 GMT] : @azure/msal-browser@2.37.1 : Verbose - PerformanceTelemetryReporter: Sending acquireTokenSilent for tracking @ https://myapps.microsoft.com/bundle/main.765b8a0d.js:1
[    4349ms] [LOG] [Wed, 27 May 2026 16:55:27 GMT] : @azure/msal-common@13.1.0 : Info - CacheManager:getIdToken - Returning id token @ https://myapps.microsoft.com/bundle/main.765b8a0d.js:1
[    4349ms] [LOG] [Wed, 27 May 2026 16:55:27 GMT] : @azure/msal-browser@2.37.1 : Info - @iamexperiences/feature-auth, message: getMsalAuth: calling acquireTokenHelper method {"authority":"https://login.microsoftonline.com/456213cf-7073-47c6-bf49-41b654ad449b/","scopes":["https://graph.microsoft.com/CrossTenantInformation.ReadBasic.All"],"redirectUri":"https://myapps.microsoft.com/blank.html"} @ https://myapps.microsoft.com/bundle/main.765b8a0d.js:1
[    4350ms] [LOG] [Wed, 27 May 2026 16:55:27 GMT] : @azure/msal-browser@2.37.1 : Verbose - preflightBrowserEnvironmentCheck started @ https://myapps.microsoft.com/bundle/main.765b8a0d.js:1
[    4350ms] [LOG] [Wed, 27 May 2026 16:55:27 GMT] : [e3b98a7c-8872-4822-b8b0-cd5c67d46a2d] : @azure/msal-browser@2.37.1 : Verbose - acquireTokenSilent called @ https://myapps.microsoft.com/bundle/main.765b8a0d.js:1
[    4350ms] [LOG] [Wed, 27 May 2026 16:55:27 GMT] : @azure/msal-common@13.1.0 : Info - CacheManager:getIdToken - Returning id token @ https://myapps.microsoft.com/bundle/main.765b8a0d.js:1
[    4350ms] [LOG] [Wed, 27 May 2026 16:55:27 GMT] : [e3b98a7c-8872-4822-b8b0-cd5c67d46a2d] : @azure/msal-browser@2.37.1 : Verbose - acquireTokenSilent called for the first time, storing active request @ https://myapps.microsoft.com/bundle/main.765b8a0d.js:1
[    4350ms] [LOG] [Wed, 27 May 2026 16:55:27 GMT] : @azure/msal-browser@2.37.1 : Info - Emitting event: msal:acquireTokenStart @ https://myapps.microsoft.com/bundle/main.765b8a0d.js:1
[    4350ms] [LOG] [Wed, 27 May 2026 16:55:27 GMT] : @azure/msal-browser@2.37.1 : Verbose - Emitting event to callback 35b70c3c-d0fa-48bb-a8dd-012b5b7f5a67: msal:acquireTokenStart @ https://myapps.microsoft.com/bundle/main.765b8a0d.js:1
[    4350ms] [LOG] [Wed, 27 May 2026 16:55:27 GMT] : @azure/msal-browser@2.37.1 : Verbose - Emitting event to callback c7e2bf09-999d-4c7b-951b-0bfe99d096ed: msal:acquireTokenStart @ https://myapps.microsoft.com/bundle/main.765b8a0d.js:1
[    4350ms] [LOG] [Wed, 27 May 2026 16:55:27 GMT] : @azure/msal-browser@2.37.1 : Verbose - getAllAccounts called @ https://myapps.microsoft.com/bundle/main.765b8a0d.js:1
[    4350ms] [LOG] [Wed, 27 May 2026 16:55:27 GMT] : @azure/msal-common@13.1.0 : Info - CacheManager:getIdToken - Returning id token @ https://myapps.microsoft.com/bundle/main.765b8a0d.js:1
[    4350ms] [LOG] [Wed, 27 May 2026 16:55:27 GMT] : @azure/msal-browser@2.37.1 : Verbose - Emitting event to callback 5a7d7d61-2464-4db7-989a-01a3299a560d: msal:acquireTokenStart @ https://myapps.microsoft.com/bundle/main.765b8a0d.js:1
[    4350ms] [LOG] [Wed, 27 May 2026 16:55:27 GMT] : @azure/msal-browser@2.37.1 : Verbose - acquireTokenSilent - attempting to acquire token from web flow @ https://myapps.microsoft.com/bundle/main.765b8a0d.js:1
[    4350ms] [LOG] [Wed, 27 May 2026 16:55:27 GMT] : [e3b98a7c-8872-4822-b8b0-cd5c67d46a2d] : msal.js.browser@2.37.1 : Verbose - Initializing BaseAuthRequest @ https://myapps.microsoft.com/bundle/main.765b8a0d.js:1
[    4350ms] [LOG] [Wed, 27 May 2026 16:55:27 GMT] : [e3b98a7c-8872-4822-b8b0-cd5c67d46a2d] : msal.js.browser@2.37.1 : Verbose - getDiscoveredAuthority called @ https://myapps.microsoft.com/bundle/main.765b8a0d.js:1
[    4351ms] [LOG] [Wed, 27 May 2026 16:55:27 GMT] : [e3b98a7c-8872-4822-b8b0-cd5c67d46a2d] : msal.js.browser@2.37.1 : Verbose - Creating discovered authority with configured authority @ https://myapps.microsoft.com/bundle/main.765b8a0d.js:1
[    4351ms] [LOG] [Wed, 27 May 2026 16:55:27 GMT] : [e3b98a7c-8872-4822-b8b0-cd5c67d46a2d] : msal.js.browser@2.37.1 : Verbose - Attempting to get cloud discovery metadata in the config @ https://myapps.microsoft.com/bundle/main.765b8a0d.js:1
[    4351ms] [LOG] [Wed, 27 May 2026 16:55:27 GMT] : [e3b98a7c-8872-4822-b8b0-cd5c67d46a2d] : msal.js.browser@2.37.1 : Verbose - Did not find cloud discovery metadata in the config... Attempting to get cloud discovery metadata from the cache. @ https://myapps.microsoft.com/bundle/main.765b8a0d.js:1
[    4351ms] [LOG] [Wed, 27 May 2026 16:55:27 GMT] : [e3b98a7c-8872-4822-b8b0-cd5c67d46a2d] : msal.js.browser@2.37.1 : Verbose - Found metadata in the cache. @ https://myapps.microsoft.com/bundle/main.765b8a0d.js:1
[    4351ms] [LOG] [Wed, 27 May 2026 16:55:27 GMT] : [e3b98a7c-8872-4822-b8b0-cd5c67d46a2d] : msal.js.browser@2.37.1 : Verbose - Authentication Scheme wasn't explicitly set in request, defaulting to "Bearer" request @ https://myapps.microsoft.com/bundle/main.765b8a0d.js:1
[    4351ms] [LOG] [Wed, 27 May 2026 16:55:27 GMT] : [e3b98a7c-8872-4822-b8b0-cd5c67d46a2d] : msal.js.browser@2.37.1 : Verbose - initializeServerTelemetryManager called @ https://myapps.microsoft.com/bundle/main.765b8a0d.js:1
[    4351ms] [LOG] [Wed, 27 May 2026 16:55:27 GMT] : [e3b98a7c-8872-4822-b8b0-cd5c67d46a2d] : msal.js.browser@2.37.1 : Verbose - getClientConfiguration called @ https://myapps.microsoft.com/bundle/main.765b8a0d.js:1
[    4351ms] [LOG] [Wed, 27 May 2026 16:55:27 GMT] : [e3b98a7c-8872-4822-b8b0-cd5c67d46a2d] : msal.js.browser@2.37.1 : Verbose - getDiscoveredAuthority called @ https://myapps.microsoft.com/bundle/main.765b8a0d.js:1
[    4351ms] [LOG] [Wed, 27 May 2026 16:55:27 GMT] : [e3b98a7c-8872-4822-b8b0-cd5c67d46a2d] : msal.js.browser@2.37.1 : Verbose - Creating discovered authority with configured authority @ https://myapps.microsoft.com/bundle/main.765b8a0d.js:1
[    4351ms] [LOG] [Wed, 27 May 2026 16:55:27 GMT] : [e3b98a7c-8872-4822-b8b0-cd5c67d46a2d] : msal.js.browser@2.37.1 : Verbose - Attempting to get cloud discovery metadata in the config @ https://myapps.microsoft.com/bundle/main.765b8a0d.js:1
[    4351ms] [LOG] [Wed, 27 May 2026 16:55:27 GMT] : [e3b98a7c-8872-4822-b8b0-cd5c67d46a2d] : msal.js.browser@2.37.1 : Verbose - Did not find cloud discovery metadata in the config... Attempting to get cloud discovery metadata from the cache. @ https://myapps.microsoft.com/bundle/main.765b8a0d.js:1
[    4351ms] [LOG] [Wed, 27 May 2026 16:55:27 GMT] : [e3b98a7c-8872-4822-b8b0-cd5c67d46a2d] : msal.js.browser@2.37.1 : Verbose - Found metadata in the cache. @ https://myapps.microsoft.com/bundle/main.765b8a0d.js:1
[    4351ms] [LOG] [Wed, 27 May 2026 16:55:27 GMT] : [e3b98a7c-8872-4822-b8b0-cd5c67d46a2d] : msal.js.browser@2.37.1 : Verbose - Silent auth client created @ https://myapps.microsoft.com/bundle/main.765b8a0d.js:1
[    4351ms] [LOG] [Wed, 27 May 2026 16:55:27 GMT] : @azure/msal-common@13.1.0 : Info - CacheManager:getIdToken - Returning id token @ https://myapps.microsoft.com/bundle/main.765b8a0d.js:1
[    4351ms] [LOG] [Wed, 27 May 2026 16:55:27 GMT] : @azure/msal-common@13.1.0 : Info - CacheManager:getAccessToken - Returning access token @ https://myapps.microsoft.com/bundle/main.765b8a0d.js:1
[    4352ms] [LOG] [Wed, 27 May 2026 16:55:27 GMT] : @azure/msal-common@13.1.0 : Info - CacheManager:getRefreshToken - returning refresh token @ https://myapps.microsoft.com/bundle/main.765b8a0d.js:1
[    4352ms] [LOG] [Wed, 27 May 2026 16:55:27 GMT] : @azure/msal-browser@2.37.1 : Info - Emitting event: msal:acquireTokenSuccess @ https://myapps.microsoft.com/bundle/main.765b8a0d.js:1
[    4352ms] [LOG] [Wed, 27 May 2026 16:55:27 GMT] : @azure/msal-browser@2.37.1 : Verbose - Emitting event to callback 35b70c3c-d0fa-48bb-a8dd-012b5b7f5a67: msal:acquireTokenSuccess @ https://myapps.microsoft.com/bundle/main.765b8a0d.js:1
[    4352ms] [LOG] [Wed, 27 May 2026 16:55:27 GMT] : @azure/msal-browser@2.37.1 : Info - @iamexperiences/feature-auth, message: getMsalAuth: storing latest account to browser storage @ https://myapps.microsoft.com/bundle/main.765b8a0d.js:1
[    4352ms] [LOG] [Wed, 27 May 2026 16:55:27 GMT] : @azure/msal-browser@2.37.1 : Info - @iamexperiences/feature-auth, message: getMsalAuth: Track new active account 456213cf-7073-47c6-bf49-41b654ad449b, 
          eventType: msal:acquireTokenSuccess, interactionType: silent @ https://myapps.microsoft.com/bundle/main.765b8a0d.js:1
[    4352ms] [LOG] [Wed, 27 May 2026 16:55:27 GMT] : @azure/msal-browser@2.37.1 : Verbose - setActiveAccount: Active account set @ https://myapps.microsoft.com/bundle/main.765b8a0d.js:1
[    4352ms] [LOG] [Wed, 27 May 2026 16:55:27 GMT] : @azure/msal-browser@2.37.1 : Verbose - Emitting event to callback c7e2bf09-999d-4c7b-951b-0bfe99d096ed: msal:acquireTokenSuccess @ https://myapps.microsoft.com/bundle/main.765b8a0d.js:1
[    4352ms] [LOG] [Wed, 27 May 2026 16:55:27 GMT] : @azure/msal-browser@2.37.1 : Verbose - getAllAccounts called @ https://myapps.microsoft.com/bundle/main.765b8a0d.js:1
[    4352ms] [LOG] [Wed, 27 May 2026 16:55:27 GMT] : @azure/msal-common@13.1.0 : Info - CacheManager:getIdToken - Returning id token @ https://myapps.microsoft.com/bundle/main.765b8a0d.js:1
[    4353ms] [LOG] [Wed, 27 May 2026 16:55:27 GMT] : @azure/msal-browser@2.37.1 : Verbose - Emitting event to callback 5a7d7d61-2464-4db7-989a-01a3299a560d: msal:acquireTokenSuccess @ https://myapps.microsoft.com/bundle/main.765b8a0d.js:1
[    4353ms] [LOG] [Wed, 27 May 2026 16:55:27 GMT] : [e3b98a7c-8872-4822-b8b0-cd5c67d46a2d] : @azure/msal-browser@2.37.1 : Verbose - PerformanceClient: Emitting performance events @ https://myapps.microsoft.com/bundle/main.765b8a0d.js:1
[    4353ms] [LOG] [Wed, 27 May 2026 16:55:27 GMT] : [e3b98a7c-8872-4822-b8b0-cd5c67d46a2d] : @azure/msal-browser@2.37.1 : Verbose - PerformanceTelemetryReporter: Emitting telemetry for acquireTokenSilent @ https://myapps.microsoft.com/bundle/main.765b8a0d.js:1
[    4353ms] [LOG] [Wed, 27 May 2026 16:55:27 GMT] : @azure/msal-browser@2.37.1 : Verbose - PerformanceTelemetryReporter: Sending acquireTokenSilent for tracking @ https://myapps.microsoft.com/bundle/main.765b8a0d.js:1
[    4389ms] [ERROR] Failed to load resource: the server responded with a status of 404 () @ https://graph.microsoft.com/v1.0/me/photos/96x96/$value?state=dcee5337-2a32-45dc-8283-c212c13e9f0f:0
[    4280ms] [ERROR] Failed to load resource: the server responded with a status of 404 () @ https://graph.microsoft.com/v1.0/me/photos/96x96/$value?state=1ec997bc-b944-42c9-ac0c-c7aa72ad87f0:0
[    4288ms] [ERROR] Failed to load resource: the server responded with a status of 404 () @ https://graph.microsoft.com/v1.0/me/photos/96x96/$value?state=e4182b6b-fe09-4bb4-874a-e60f8bfa099e:0
[    4389ms] [ERROR] Failed to load resource: the server responded with a status of 404 () @ https://graph.microsoft.com/v1.0/me/photos/96x96/$value?state=dcee5337-2a32-45dc-8283-c212c13e9f0f:0
[    4280ms] [ERROR] Failed to load resource: the server responded with a status of 404 () @ https://graph.microsoft.com/v1.0/me/photos/96x96/$value?state=1ec997bc-b944-42c9-ac0c-c7aa72ad87f0:0
[    4288ms] [ERROR] Failed to load resource: the server responded with a status of 404 () @ https://graph.microsoft.com/v1.0/me/photos/96x96/$value?state=e4182b6b-fe09-4bb4-874a-e60f8bfa099e:0
[    4389ms] [ERROR] Failed to load resource: the server responded with a status of 404 () @ https://graph.microsoft.com/v1.0/me/photos/96x96/$value?state=dcee5337-2a32-45dc-8283-c212c13e9f0f:0
[    4280ms] [ERROR] Failed to load resource: the server responded with a status of 404 () @ https://graph.microsoft.com/v1.0/me/photos/96x96/$value?state=1ec997bc-b944-42c9-ac0c-c7aa72ad87f0:0
[    4288ms] [ERROR] Failed to load resource: the server responded with a status of 404 () @ https://graph.microsoft.com/v1.0/me/photos/96x96/$value?state=e4182b6b-fe09-4bb4-874a-e60f8bfa099e:0
[    4389ms] [ERROR] Failed to load resource: the server responded with a status of 404 () @ https://graph.microsoft.com/v1.0/me/photos/96x96/$value?state=dcee5337-2a32-45dc-8283-c212c13e9f0f:0
[    4658ms] [ERROR] Failed to load resource: the server responded with a status of 404 () @ https://graph.microsoft.com/v1.0/me/photos/96x96/$value?state=0dff033c-4901-44f3-be0a-f0b428e1474a:0
[    4280ms] [ERROR] Failed to load resource: the server responded with a status of 404 () @ https://graph.microsoft.com/v1.0/me/photos/96x96/$value?state=1ec997bc-b944-42c9-ac0c-c7aa72ad87f0:0
[    4288ms] [ERROR] Failed to load resource: the server responded with a status of 404 () @ https://graph.microsoft.com/v1.0/me/photos/96x96/$value?state=e4182b6b-fe09-4bb4-874a-e60f8bfa099e:0
[    4389ms] [ERROR] Failed to load resource: the server responded with a status of 404 () @ https://graph.microsoft.com/v1.0/me/photos/96x96/$value?state=dcee5337-2a32-45dc-8283-c212c13e9f0f:0
[    4658ms] [ERROR] Failed to load resource: the server responded with a status of 404 () @ https://graph.microsoft.com/v1.0/me/photos/96x96/$value?state=0dff033c-4901-44f3-be0a-f0b428e1474a:0
[    4280ms] [ERROR] Failed to load resource: the server responded with a status of 404 () @ https://graph.microsoft.com/v1.0/me/photos/96x96/$value?state=1ec997bc-b944-42c9-ac0c-c7aa72ad87f0:0
[    4288ms] [ERROR] Failed to load resource: the server responded with a status of 404 () @ https://graph.microsoft.com/v1.0/me/photos/96x96/$value?state=e4182b6b-fe09-4bb4-874a-e60f8bfa099e:0
[    4389ms] [ERROR] Failed to load resource: the server responded with a status of 404 () @ https://graph.microsoft.com/v1.0/me/photos/96x96/$value?state=dcee5337-2a32-45dc-8283-c212c13e9f0f:0
[    4658ms] [ERROR] Failed to load resource: the server responded with a status of 404 () @ https://graph.microsoft.com/v1.0/me/photos/96x96/$value?state=0dff033c-4901-44f3-be0a-f0b428e1474a:0
[    4922ms] [ERROR] Failed to load resource: the server responded with a status of 404 () @ https://graph.microsoft.com/v1.0/me/photos/96x96/$value?state=dc8b756e-2f94-4861-827b-3434a836a382:0
[    4280ms] [ERROR] Failed to load resource: the server responded with a status of 404 () @ https://graph.microsoft.com/v1.0/me/photos/96x96/$value?state=1ec997bc-b944-42c9-ac0c-c7aa72ad87f0:0
[    4288ms] [ERROR] Failed to load resource: the server responded with a status of 404 () @ https://graph.microsoft.com/v1.0/me/photos/96x96/$value?state=e4182b6b-fe09-4bb4-874a-e60f8bfa099e:0
[    4389ms] [ERROR] Failed to load resource: the server responded with a status of 404 () @ https://graph.microsoft.com/v1.0/me/photos/96x96/$value?state=dcee5337-2a32-45dc-8283-c212c13e9f0f:0
[    4658ms] [ERROR] Failed to load resource: the server responded with a status of 404 () @ https://graph.microsoft.com/v1.0/me/photos/96x96/$value?state=0dff033c-4901-44f3-be0a-f0b428e1474a:0
[    4922ms] [ERROR] Failed to load resource: the server responded with a status of 404 () @ https://graph.microsoft.com/v1.0/me/photos/96x96/$value?state=dc8b756e-2f94-4861-827b-3434a836a382:0
[    4280ms] [ERROR] Failed to load resource: the server responded with a status of 404 () @ https://graph.microsoft.com/v1.0/me/photos/96x96/$value?state=1ec997bc-b944-42c9-ac0c-c7aa72ad87f0:0
[    4288ms] [ERROR] Failed to load resource: the server responded with a status of 404 () @ https://graph.microsoft.com/v1.0/me/photos/96x96/$value?state=e4182b6b-fe09-4bb4-874a-e60f8bfa099e:0
[    4389ms] [ERROR] Failed to load resource: the server responded with a status of 404 () @ https://graph.microsoft.com/v1.0/me/photos/96x96/$value?state=dcee5337-2a32-45dc-8283-c212c13e9f0f:0
[    4658ms] [ERROR] Failed to load resource: the server responded with a status of 404 () @ https://graph.microsoft.com/v1.0/me/photos/96x96/$value?state=0dff033c-4901-44f3-be0a-f0b428e1474a:0
[    4922ms] [ERROR] Failed to load resource: the server responded with a status of 404 () @ https://graph.microsoft.com/v1.0/me/photos/96x96/$value?state=dc8b756e-2f94-4861-827b-3434a836a382:0
[    5154ms] [ERROR] Failed to load resource: the server responded with a status of 404 () @ https://graph.microsoft.com/v1.0/me/photos/96x96/$value?state=e862c3c3-141c-4404-af79-9b02cbf9febb:0
[    4280ms] [ERROR] Failed to load resource: the server responded with a status of 404 () @ https://graph.microsoft.com/v1.0/me/photos/96x96/$value?state=1ec997bc-b944-42c9-ac0c-c7aa72ad87f0:0
[    4288ms] [ERROR] Failed to load resource: the server responded with a status of 404 () @ https://graph.microsoft.com/v1.0/me/photos/96x96/$value?state=e4182b6b-fe09-4bb4-874a-e60f8bfa099e:0
[    4389ms] [ERROR] Failed to load resource: the server responded with a status of 404 () @ https://graph.microsoft.com/v1.0/me/photos/96x96/$value?state=dcee5337-2a32-45dc-8283-c212c13e9f0f:0
[    4658ms] [ERROR] Failed to load resource: the server responded with a status of 404 () @ https://graph.microsoft.com/v1.0/me/photos/96x96/$value?state=0dff033c-4901-44f3-be0a-f0b428e1474a:0
[    4922ms] [ERROR] Failed to load resource: the server responded with a status of 404 () @ https://graph.microsoft.com/v1.0/me/photos/96x96/$value?state=dc8b756e-2f94-4861-827b-3434a836a382:0
[    5154ms] [ERROR] Failed to load resource: the server responded with a status of 404 () @ https://graph.microsoft.com/v1.0/me/photos/96x96/$value?state=e862c3c3-141c-4404-af79-9b02cbf9febb:0
[    4280ms] [ERROR] Failed to load resource: the server responded with a status of 404 () @ https://graph.microsoft.com/v1.0/me/photos/96x96/$value?state=1ec997bc-b944-42c9-ac0c-c7aa72ad87f0:0
[    4288ms] [ERROR] Failed to load resource: the server responded with a status of 404 () @ https://graph.microsoft.com/v1.0/me/photos/96x96/$value?state=e4182b6b-fe09-4bb4-874a-e60f8bfa099e:0
[    4389ms] [ERROR] Failed to load resource: the server responded with a status of 404 () @ https://graph.microsoft.com/v1.0/me/photos/96x96/$value?state=dcee5337-2a32-45dc-8283-c212c13e9f0f:0
[    4658ms] [ERROR] Failed to load resource: the server responded with a status of 404 () @ https://graph.microsoft.com/v1.0/me/photos/96x96/$value?state=0dff033c-4901-44f3-be0a-f0b428e1474a:0
[    4922ms] [ERROR] Failed to load resource: the server responded with a status of 404 () @ https://graph.microsoft.com/v1.0/me/photos/96x96/$value?state=dc8b756e-2f94-4861-827b-3434a836a382:0
[    5154ms] [ERROR] Failed to load resource: the server responded with a status of 404 () @ https://graph.microsoft.com/v1.0/me/photos/96x96/$value?state=e862c3c3-141c-4404-af79-9b02cbf9febb:0
[    4280ms] [ERROR] Failed to load resource: the server responded with a status of 404 () @ https://graph.microsoft.com/v1.0/me/photos/96x96/$value?state=1ec997bc-b944-42c9-ac0c-c7aa72ad87f0:0
[    4288ms] [ERROR] Failed to load resource: the server responded with a status of 404 () @ https://graph.microsoft.com/v1.0/me/photos/96x96/$value?state=e4182b6b-fe09-4bb4-874a-e60f8bfa099e:0
[    4389ms] [ERROR] Failed to load resource: the server responded with a status of 404 () @ https://graph.microsoft.com/v1.0/me/photos/96x96/$value?state=dcee5337-2a32-45dc-8283-c212c13e9f0f:0
[    4658ms] [ERROR] Failed to load resource: the server responded with a status of 404 () @ https://graph.microsoft.com/v1.0/me/photos/96x96/$value?state=0dff033c-4901-44f3-be0a-f0b428e1474a:0
[    4922ms] [ERROR] Failed to load resource: the server responded with a status of 404 () @ https://graph.microsoft.com/v1.0/me/photos/96x96/$value?state=dc8b756e-2f94-4861-827b-3434a836a382:0
[    5154ms] [ERROR] Failed to load resource: the server responded with a status of 404 () @ https://graph.microsoft.com/v1.0/me/photos/96x96/$value?state=e862c3c3-141c-4404-af79-9b02cbf9febb:0
[    4280ms] [ERROR] Failed to load resource: the server responded with a status of 404 () @ https://graph.microsoft.com/v1.0/me/photos/96x96/$value?state=1ec997bc-b944-42c9-ac0c-c7aa72ad87f0:0
[    4288ms] [ERROR] Failed to load resource: the server responded with a status of 404 () @ https://graph.microsoft.com/v1.0/me/photos/96x96/$value?state=e4182b6b-fe09-4bb4-874a-e60f8bfa099e:0
[    4389ms] [ERROR] Failed to load resource: the server responded with a status of 404 () @ https://graph.microsoft.com/v1.0/me/photos/96x96/$value?state=dcee5337-2a32-45dc-8283-c212c13e9f0f:0
[    4658ms] [ERROR] Failed to load resource: the server responded with a status of 404 () @ https://graph.microsoft.com/v1.0/me/photos/96x96/$value?state=0dff033c-4901-44f3-be0a-f0b428e1474a:0
[    4922ms] [ERROR] Failed to load resource: the server responded with a status of 404 () @ https://graph.microsoft.com/v1.0/me/photos/96x96/$value?state=dc8b756e-2f94-4861-827b-3434a836a382:0
[    5154ms] [ERROR] Failed to load resource: the server responded with a status of 404 () @ https://graph.microsoft.com/v1.0/me/photos/96x96/$value?state=e862c3c3-141c-4404-af79-9b02cbf9febb:0
[    4280ms] [ERROR] Failed to load resource: the server responded with a status of 404 () @ https://graph.microsoft.com/v1.0/me/photos/96x96/$value?state=1ec997bc-b944-42c9-ac0c-c7aa72ad87f0:0
[    4288ms] [ERROR] Failed to load resource: the server responded with a status of 404 () @ https://graph.microsoft.com/v1.0/me/photos/96x96/$value?state=e4182b6b-fe09-4bb4-874a-e60f8bfa099e:0
[    4389ms] [ERROR] Failed to load resource: the server responded with a status of 404 () @ https://graph.microsoft.com/v1.0/me/photos/96x96/$value?state=dcee5337-2a32-45dc-8283-c212c13e9f0f:0
[    4658ms] [ERROR] Failed to load resource: the server responded with a status of 404 () @ https://graph.microsoft.com/v1.0/me/photos/96x96/$value?state=0dff033c-4901-44f3-be0a-f0b428e1474a:0
[    4922ms] [ERROR] Failed to load resource: the server responded with a status of 404 () @ https://graph.microsoft.com/v1.0/me/photos/96x96/$value?state=dc8b756e-2f94-4861-827b-3434a836a382:0
[    5154ms] [ERROR] Failed to load resource: the server responded with a status of 404 () @ https://graph.microsoft.com/v1.0/me/photos/96x96/$value?state=e862c3c3-141c-4404-af79-9b02cbf9febb:0
[    4280ms] [ERROR] Failed to load resource: the server responded with a status of 404 () @ https://graph.microsoft.com/v1.0/me/photos/96x96/$value?state=1ec997bc-b944-42c9-ac0c-c7aa72ad87f0:0
[    4288ms] [ERROR] Failed to load resource: the server responded with a status of 404 () @ https://graph.microsoft.com/v1.0/me/photos/96x96/$value?state=e4182b6b-fe09-4bb4-874a-e60f8bfa099e:0
[    4389ms] [ERROR] Failed to load resource: the server responded with a status of 404 () @ https://graph.microsoft.com/v1.0/me/photos/96x96/$value?state=dcee5337-2a32-45dc-8283-c212c13e9f0f:0
[    4658ms] [ERROR] Failed to load resource: the server responded with a status of 404 () @ https://graph.microsoft.com/v1.0/me/photos/96x96/$value?state=0dff033c-4901-44f3-be0a-f0b428e1474a:0
[    4922ms] [ERROR] Failed to load resource: the server responded with a status of 404 () @ https://graph.microsoft.com/v1.0/me/photos/96x96/$value?state=dc8b756e-2f94-4861-827b-3434a836a382:0
[    5154ms] [ERROR] Failed to load resource: the server responded with a status of 404 () @ https://graph.microsoft.com/v1.0/me/photos/96x96/$value?state=e862c3c3-141c-4404-af79-9b02cbf9febb:0
[    4280ms] [ERROR] Failed to load resource: the server responded with a status of 404 () @ https://graph.microsoft.com/v1.0/me/photos/96x96/$value?state=1ec997bc-b944-42c9-ac0c-c7aa72ad87f0:0
[    4288ms] [ERROR] Failed to load resource: the server responded with a status of 404 () @ https://graph.microsoft.com/v1.0/me/photos/96x96/$value?state=e4182b6b-fe09-4bb4-874a-e60f8bfa099e:0
[    4389ms] [ERROR] Failed to load resource: the server responded with a status of 404 () @ https://graph.microsoft.com/v1.0/me/photos/96x96/$value?state=dcee5337-2a32-45dc-8283-c212c13e9f0f:0
[    4658ms] [ERROR] Failed to load resource: the server responded with a status of 404 () @ https://graph.microsoft.com/v1.0/me/photos/96x96/$value?state=0dff033c-4901-44f3-be0a-f0b428e1474a:0
[    4922ms] [ERROR] Failed to load resource: the server responded with a status of 404 () @ https://graph.microsoft.com/v1.0/me/photos/96x96/$value?state=dc8b756e-2f94-4861-827b-3434a836a382:0
[    5154ms] [ERROR] Failed to load resource: the server responded with a status of 404 () @ https://graph.microsoft.com/v1.0/me/photos/96x96/$value?state=e862c3c3-141c-4404-af79-9b02cbf9febb:0
[    4280ms] [ERROR] Failed to load resource: the server responded with a status of 404 () @ https://graph.microsoft.com/v1.0/me/photos/96x96/$value?state=1ec997bc-b944-42c9-ac0c-c7aa72ad87f0:0
[    4288ms] [ERROR] Failed to load resource: the server responded with a status of 404 () @ https://graph.microsoft.com/v1.0/me/photos/96x96/$value?state=e4182b6b-fe09-4bb4-874a-e60f8bfa099e:0
[    4389ms] [ERROR] Failed to load resource: the server responded with a status of 404 () @ https://graph.microsoft.com/v1.0/me/photos/96x96/$value?state=dcee5337-2a32-45dc-8283-c212c13e9f0f:0
[    4658ms] [ERROR] Failed to load resource: the server responded with a status of 404 () @ https://graph.microsoft.com/v1.0/me/photos/96x96/$value?state=0dff033c-4901-44f3-be0a-f0b428e1474a:0
[    4922ms] [ERROR] Failed to load resource: the server responded with a status of 404 () @ https://graph.microsoft.com/v1.0/me/photos/96x96/$value?state=dc8b756e-2f94-4861-827b-3434a836a382:0
[    5154ms] [ERROR] Failed to load resource: the server responded with a status of 404 () @ https://graph.microsoft.com/v1.0/me/photos/96x96/$value?state=e862c3c3-141c-4404-af79-9b02cbf9febb:0
[    6059ms] [ERROR] Failed to load resource: the server responded with a status of 404 () @ https://graph.microsoft.com/v1.0/me/photos/96x96/$value?state=47375e44-582d-4344-a6ba-ba8614491844:0
[    6059ms] [ERROR] Failed to load resource: the server responded with a status of 404 () @ https://graph.microsoft.com/v1.0/me/photos/96x96/$value?state=c1b77c7b-b4f5-4d00-bbf7-b587b2bb99fd:0
[    4280ms] [ERROR] Failed to load resource: the server responded with a status of 404 () @ https://graph.microsoft.com/v1.0/me/photos/96x96/$value?state=1ec997bc-b944-42c9-ac0c-c7aa72ad87f0:0
[    4288ms] [ERROR] Failed to load resource: the server responded with a status of 404 () @ https://graph.microsoft.com/v1.0/me/photos/96x96/$value?state=e4182b6b-fe09-4bb4-874a-e60f8bfa099e:0
[    4389ms] [ERROR] Failed to load resource: the server responded with a status of 404 () @ https://graph.microsoft.com/v1.0/me/photos/96x96/$value?state=dcee5337-2a32-45dc-8283-c212c13e9f0f:0
[    4658ms] [ERROR] Failed to load resource: the server responded with a status of 404 () @ https://graph.microsoft.com/v1.0/me/photos/96x96/$value?state=0dff033c-4901-44f3-be0a-f0b428e1474a:0
[    4922ms] [ERROR] Failed to load resource: the server responded with a status of 404 () @ https://graph.microsoft.com/v1.0/me/photos/96x96/$value?state=dc8b756e-2f94-4861-827b-3434a836a382:0
[    5154ms] [ERROR] Failed to load resource: the server responded with a status of 404 () @ https://graph.microsoft.com/v1.0/me/photos/96x96/$value?state=e862c3c3-141c-4404-af79-9b02cbf9febb:0
[    6059ms] [ERROR] Failed to load resource: the server responded with a status of 404 () @ https://graph.microsoft.com/v1.0/me/photos/96x96/$value?state=47375e44-582d-4344-a6ba-ba8614491844:0
[    6059ms] [ERROR] Failed to load resource: the server responded with a status of 404 () @ https://graph.microsoft.com/v1.0/me/photos/96x96/$value?state=c1b77c7b-b4f5-4d00-bbf7-b587b2bb99fd:0
[    4280ms] [ERROR] Failed to load resource: the server responded with a status of 404 () @ https://graph.microsoft.com/v1.0/me/photos/96x96/$value?state=1ec997bc-b944-42c9-ac0c-c7aa72ad87f0:0
[    4288ms] [ERROR] Failed to load resource: the server responded with a status of 404 () @ https://graph.microsoft.com/v1.0/me/photos/96x96/$value?state=e4182b6b-fe09-4bb4-874a-e60f8bfa099e:0
[    4389ms] [ERROR] Failed to load resource: the server responded with a status of 404 () @ https://graph.microsoft.com/v1.0/me/photos/96x96/$value?state=dcee5337-2a32-45dc-8283-c212c13e9f0f:0
[    4658ms] [ERROR] Failed to load resource: the server responded with a status of 404 () @ https://graph.microsoft.com/v1.0/me/photos/96x96/$value?state=0dff033c-4901-44f3-be0a-f0b428e1474a:0
[    4922ms] [ERROR] Failed to load resource: the server responded with a status of 404 () @ https://graph.microsoft.com/v1.0/me/photos/96x96/$value?state=dc8b756e-2f94-4861-827b-3434a836a382:0
[    5154ms] [ERROR] Failed to load resource: the server responded with a status of 404 () @ https://graph.microsoft.com/v1.0/me/photos/96x96/$value?state=e862c3c3-141c-4404-af79-9b02cbf9febb:0
[    6059ms] [ERROR] Failed to load resource: the server responded with a status of 404 () @ https://graph.microsoft.com/v1.0/me/photos/96x96/$value?state=47375e44-582d-4344-a6ba-ba8614491844:0
[    6059ms] [ERROR] Failed to load resource: the server responded with a status of 404 () @ https://graph.microsoft.com/v1.0/me/photos/96x96/$value?state=c1b77c7b-b4f5-4d00-bbf7-b587b2bb99fd:0
[    6176ms] [ERROR] Failed to load resource: the server responded with a status of 404 () @ https://graph.microsoft.com/v1.0/me/photos/96x96/$value?state=e71340cc-790e-41ce-8c59-515259725917:0
[    4280ms] [ERROR] Failed to load resource: the server responded with a status of 404 () @ https://graph.microsoft.com/v1.0/me/photos/96x96/$value?state=1ec997bc-b944-42c9-ac0c-c7aa72ad87f0:0
[    4288ms] [ERROR] Failed to load resource: the server responded with a status of 404 () @ https://graph.microsoft.com/v1.0/me/photos/96x96/$value?state=e4182b6b-fe09-4bb4-874a-e60f8bfa099e:0
[    4389ms] [ERROR] Failed to load resource: the server responded with a status of 404 () @ https://graph.microsoft.com/v1.0/me/photos/96x96/$value?state=dcee5337-2a32-45dc-8283-c212c13e9f0f:0
[    4658ms] [ERROR] Failed to load resource: the server responded with a status of 404 () @ https://graph.microsoft.com/v1.0/me/photos/96x96/$value?state=0dff033c-4901-44f3-be0a-f0b428e1474a:0
[    4922ms] [ERROR] Failed to load resource: the server responded with a status of 404 () @ https://graph.microsoft.com/v1.0/me/photos/96x96/$value?state=dc8b756e-2f94-4861-827b-3434a836a382:0
[    5154ms] [ERROR] Failed to load resource: the server responded with a status of 404 () @ https://graph.microsoft.com/v1.0/me/photos/96x96/$value?state=e862c3c3-141c-4404-af79-9b02cbf9febb:0
[    6059ms] [ERROR] Failed to load resource: the server responded with a status of 404 () @ https://graph.microsoft.com/v1.0/me/photos/96x96/$value?state=47375e44-582d-4344-a6ba-ba8614491844:0
[    6059ms] [ERROR] Failed to load resource: the server responded with a status of 404 () @ https://graph.microsoft.com/v1.0/me/photos/96x96/$value?state=c1b77c7b-b4f5-4d00-bbf7-b587b2bb99fd:0
[    6176ms] [ERROR] Failed to load resource: the server responded with a status of 404 () @ https://graph.microsoft.com/v1.0/me/photos/96x96/$value?state=e71340cc-790e-41ce-8c59-515259725917:0
[    4280ms] [ERROR] Failed to load resource: the server responded with a status of 404 () @ https://graph.microsoft.com/v1.0/me/photos/96x96/$value?state=1ec997bc-b944-42c9-ac0c-c7aa72ad87f0:0
[    4288ms] [ERROR] Failed to load resource: the server responded with a status of 404 () @ https://graph.microsoft.com/v1.0/me/photos/96x96/$value?state=e4182b6b-fe09-4bb4-874a-e60f8bfa099e:0
[    4389ms] [ERROR] Failed to load resource: the server responded with a status of 404 () @ https://graph.microsoft.com/v1.0/me/photos/96x96/$value?state=dcee5337-2a32-45dc-8283-c212c13e9f0f:0
[    4658ms] [ERROR] Failed to load resource: the server responded with a status of 404 () @ https://graph.microsoft.com/v1.0/me/photos/96x96/$value?state=0dff033c-4901-44f3-be0a-f0b428e1474a:0
[    4922ms] [ERROR] Failed to load resource: the server responded with a status of 404 () @ https://graph.microsoft.com/v1.0/me/photos/96x96/$value?state=dc8b756e-2f94-4861-827b-3434a836a382:0
[    5154ms] [ERROR] Failed to load resource: the server responded with a status of 404 () @ https://graph.microsoft.com/v1.0/me/photos/96x96/$value?state=e862c3c3-141c-4404-af79-9b02cbf9febb:0
[    6059ms] [ERROR] Failed to load resource: the server responded with a status of 404 () @ https://graph.microsoft.com/v1.0/me/photos/96x96/$value?state=47375e44-582d-4344-a6ba-ba8614491844:0
[    6059ms] [ERROR] Failed to load resource: the server responded with a status of 404 () @ https://graph.microsoft.com/v1.0/me/photos/96x96/$value?state=c1b77c7b-b4f5-4d00-bbf7-b587b2bb99fd:0
[    6176ms] [ERROR] Failed to load resource: the server responded with a status of 404 () @ https://graph.microsoft.com/v1.0/me/photos/96x96/$value?state=e71340cc-790e-41ce-8c59-515259725917:0
[    4280ms] [ERROR] Failed to load resource: the server responded with a status of 404 () @ https://graph.microsoft.com/v1.0/me/photos/96x96/$value?state=1ec997bc-b944-42c9-ac0c-c7aa72ad87f0:0
[    4288ms] [ERROR] Failed to load resource: the server responded with a status of 404 () @ https://graph.microsoft.com/v1.0/me/photos/96x96/$value?state=e4182b6b-fe09-4bb4-874a-e60f8bfa099e:0
[    4389ms] [ERROR] Failed to load resource: the server responded with a status of 404 () @ https://graph.microsoft.com/v1.0/me/photos/96x96/$value?state=dcee5337-2a32-45dc-8283-c212c13e9f0f:0
[    4658ms] [ERROR] Failed to load resource: the server responded with a status of 404 () @ https://graph.microsoft.com/v1.0/me/photos/96x96/$value?state=0dff033c-4901-44f3-be0a-f0b428e1474a:0
[    4922ms] [ERROR] Failed to load resource: the server responded with a status of 404 () @ https://graph.microsoft.com/v1.0/me/photos/96x96/$value?state=dc8b756e-2f94-4861-827b-3434a836a382:0
[    5154ms] [ERROR] Failed to load resource: the server responded with a status of 404 () @ https://graph.microsoft.com/v1.0/me/photos/96x96/$value?state=e862c3c3-141c-4404-af79-9b02cbf9febb:0
[    6059ms] [ERROR] Failed to load resource: the server responded with a status of 404 () @ https://graph.microsoft.com/v1.0/me/photos/96x96/$value?state=47375e44-582d-4344-a6ba-ba8614491844:0
[    6059ms] [ERROR] Failed to load resource: the server responded with a status of 404 () @ https://graph.microsoft.com/v1.0/me/photos/96x96/$value?state=c1b77c7b-b4f5-4d00-bbf7-b587b2bb99fd:0
[    6176ms] [ERROR] Failed to load resource: the server responded with a status of 404 () @ https://graph.microsoft.com/v1.0/me/photos/96x96/$value?state=e71340cc-790e-41ce-8c59-515259725917:0
[    4280ms] [ERROR] Failed to load resource: the server responded with a status of 404 () @ https://graph.microsoft.com/v1.0/me/photos/96x96/$value?state=1ec997bc-b944-42c9-ac0c-c7aa72ad87f0:0
[    4288ms] [ERROR] Failed to load resource: the server responded with a status of 404 () @ https://graph.microsoft.com/v1.0/me/photos/96x96/$value?state=e4182b6b-fe09-4bb4-874a-e60f8bfa099e:0
[    4389ms] [ERROR] Failed to load resource: the server responded with a status of 404 () @ https://graph.microsoft.com/v1.0/me/photos/96x96/$value?state=dcee5337-2a32-45dc-8283-c212c13e9f0f:0
[    4658ms] [ERROR] Failed to load resource: the server responded with a status of 404 () @ https://graph.microsoft.com/v1.0/me/photos/96x96/$value?state=0dff033c-4901-44f3-be0a-f0b428e1474a:0
[    4922ms] [ERROR] Failed to load resource: the server responded with a status of 404 () @ https://graph.microsoft.com/v1.0/me/photos/96x96/$value?state=dc8b756e-2f94-4861-827b-3434a836a382:0
[    5154ms] [ERROR] Failed to load resource: the server responded with a status of 404 () @ https://graph.microsoft.com/v1.0/me/photos/96x96/$value?state=e862c3c3-141c-4404-af79-9b02cbf9febb:0
[    6059ms] [ERROR] Failed to load resource: the server responded with a status of 404 () @ https://graph.microsoft.com/v1.0/me/photos/96x96/$value?state=47375e44-582d-4344-a6ba-ba8614491844:0
[    6059ms] [ERROR] Failed to load resource: the server responded with a status of 404 () @ https://graph.microsoft.com/v1.0/me/photos/96x96/$value?state=c1b77c7b-b4f5-4d00-bbf7-b587b2bb99fd:0
[    6176ms] [ERROR] Failed to load resource: the server responded with a status of 404 () @ https://graph.microsoft.com/v1.0/me/photos/96x96/$value?state=e71340cc-790e-41ce-8c59-515259725917:0
[    4280ms] [ERROR] Failed to load resource: the server responded with a status of 404 () @ https://graph.microsoft.com/v1.0/me/photos/96x96/$value?state=1ec997bc-b944-42c9-ac0c-c7aa72ad87f0:0
[    4288ms] [ERROR] Failed to load resource: the server responded with a status of 404 () @ https://graph.microsoft.com/v1.0/me/photos/96x96/$value?state=e4182b6b-fe09-4bb4-874a-e60f8bfa099e:0
[    4389ms] [ERROR] Failed to load resource: the server responded with a status of 404 () @ https://graph.microsoft.com/v1.0/me/photos/96x96/$value?state=dcee5337-2a32-45dc-8283-c212c13e9f0f:0
[    4658ms] [ERROR] Failed to load resource: the server responded with a status of 404 () @ https://graph.microsoft.com/v1.0/me/photos/96x96/$value?state=0dff033c-4901-44f3-be0a-f0b428e1474a:0
[    4922ms] [ERROR] Failed to load resource: the server responded with a status of 404 () @ https://graph.microsoft.com/v1.0/me/photos/96x96/$value?state=dc8b756e-2f94-4861-827b-3434a836a382:0
[    5154ms] [ERROR] Failed to load resource: the server responded with a status of 404 () @ https://graph.microsoft.com/v1.0/me/photos/96x96/$value?state=e862c3c3-141c-4404-af79-9b02cbf9febb:0
[    6059ms] [ERROR] Failed to load resource: the server responded with a status of 404 () @ https://graph.microsoft.com/v1.0/me/photos/96x96/$value?state=47375e44-582d-4344-a6ba-ba8614491844:0
[    6059ms] [ERROR] Failed to load resource: the server responded with a status of 404 () @ https://graph.microsoft.com/v1.0/me/photos/96x96/$value?state=c1b77c7b-b4f5-4d00-bbf7-b587b2bb99fd:0
[    6176ms] [ERROR] Failed to load resource: the server responded with a status of 404 () @ https://graph.microsoft.com/v1.0/me/photos/96x96/$value?state=e71340cc-790e-41ce-8c59-515259725917:0
[    6498ms] [ERROR] Failed to load resource: the server responded with a status of 404 () @ https://graph.microsoft.com/v1.0/me/photos/96x96/$value?state=b14b998d-f0e7-4448-a5d2-9f54cccc7829:0
[    4280ms] [ERROR] Failed to load resource: the server responded with a status of 404 () @ https://graph.microsoft.com/v1.0/me/photos/96x96/$value?state=1ec997bc-b944-42c9-ac0c-c7aa72ad87f0:0
[    4288ms] [ERROR] Failed to load resource: the server responded with a status of 404 () @ https://graph.microsoft.com/v1.0/me/photos/96x96/$value?state=e4182b6b-fe09-4bb4-874a-e60f8bfa099e:0
[    4389ms] [ERROR] Failed to load resource: the server responded with a status of 404 () @ https://graph.microsoft.com/v1.0/me/photos/96x96/$value?state=dcee5337-2a32-45dc-8283-c212c13e9f0f:0
[    4658ms] [ERROR] Failed to load resource: the server responded with a status of 404 () @ https://graph.microsoft.com/v1.0/me/photos/96x96/$value?state=0dff033c-4901-44f3-be0a-f0b428e1474a:0
[    4922ms] [ERROR] Failed to load resource: the server responded with a status of 404 () @ https://graph.microsoft.com/v1.0/me/photos/96x96/$value?state=dc8b756e-2f94-4861-827b-3434a836a382:0
[    5154ms] [ERROR] Failed to load resource: the server responded with a status of 404 () @ https://graph.microsoft.com/v1.0/me/photos/96x96/$value?state=e862c3c3-141c-4404-af79-9b02cbf9febb:0
[    6059ms] [ERROR] Failed to load resource: the server responded with a status of 404 () @ https://graph.microsoft.com/v1.0/me/photos/96x96/$value?state=47375e44-582d-4344-a6ba-ba8614491844:0
[    6059ms] [ERROR] Failed to load resource: the server responded with a status of 404 () @ https://graph.microsoft.com/v1.0/me/photos/96x96/$value?state=c1b77c7b-b4f5-4d00-bbf7-b587b2bb99fd:0
[    6176ms] [ERROR] Failed to load resource: the server responded with a status of 404 () @ https://graph.microsoft.com/v1.0/me/photos/96x96/$value?state=e71340cc-790e-41ce-8c59-515259725917:0
[    6498ms] [ERROR] Failed to load resource: the server responded with a status of 404 () @ https://graph.microsoft.com/v1.0/me/photos/96x96/$value?state=b14b998d-f0e7-4448-a5d2-9f54cccc7829:0
[    6521ms] [ERROR] Failed to load resource: the server responded with a status of 404 () @ https://graph.microsoft.com/v1.0/me/photos/96x96/$value?state=05c4147b-80fa-4d58-91d8-9004e9b3a88c:0
[    4280ms] [ERROR] Failed to load resource: the server responded with a status of 404 () @ https://graph.microsoft.com/v1.0/me/photos/96x96/$value?state=1ec997bc-b944-42c9-ac0c-c7aa72ad87f0:0
[    4288ms] [ERROR] Failed to load resource: the server responded with a status of 404 () @ https://graph.microsoft.com/v1.0/me/photos/96x96/$value?state=e4182b6b-fe09-4bb4-874a-e60f8bfa099e:0
[    4389ms] [ERROR] Failed to load resource: the server responded with a status of 404 () @ https://graph.microsoft.com/v1.0/me/photos/96x96/$value?state=dcee5337-2a32-45dc-8283-c212c13e9f0f:0
[    4658ms] [ERROR] Failed to load resource: the server responded with a status of 404 () @ https://graph.microsoft.com/v1.0/me/photos/96x96/$value?state=0dff033c-4901-44f3-be0a-f0b428e1474a:0
[    4922ms] [ERROR] Failed to load resource: the server responded with a status of 404 () @ https://graph.microsoft.com/v1.0/me/photos/96x96/$value?state=dc8b756e-2f94-4861-827b-3434a836a382:0
[    5154ms] [ERROR] Failed to load resource: the server responded with a status of 404 () @ https://graph.microsoft.com/v1.0/me/photos/96x96/$value?state=e862c3c3-141c-4404-af79-9b02cbf9febb:0
[    6059ms] [ERROR] Failed to load resource: the server responded with a status of 404 () @ https://graph.microsoft.com/v1.0/me/photos/96x96/$value?state=47375e44-582d-4344-a6ba-ba8614491844:0
[    6059ms] [ERROR] Failed to load resource: the server responded with a status of 404 () @ https://graph.microsoft.com/v1.0/me/photos/96x96/$value?state=c1b77c7b-b4f5-4d00-bbf7-b587b2bb99fd:0
[    6176ms] [ERROR] Failed to load resource: the server responded with a status of 404 () @ https://graph.microsoft.com/v1.0/me/photos/96x96/$value?state=e71340cc-790e-41ce-8c59-515259725917:0
[    6498ms] [ERROR] Failed to load resource: the server responded with a status of 404 () @ https://graph.microsoft.com/v1.0/me/photos/96x96/$value?state=b14b998d-f0e7-4448-a5d2-9f54cccc7829:0
[    6521ms] [ERROR] Failed to load resource: the server responded with a status of 404 () @ https://graph.microsoft.com/v1.0/me/photos/96x96/$value?state=05c4147b-80fa-4d58-91d8-9004e9b3a88c:0
[    4280ms] [ERROR] Failed to load resource: the server responded with a status of 404 () @ https://graph.microsoft.com/v1.0/me/photos/96x96/$value?state=1ec997bc-b944-42c9-ac0c-c7aa72ad87f0:0
[    4288ms] [ERROR] Failed to load resource: the server responded with a status of 404 () @ https://graph.microsoft.com/v1.0/me/photos/96x96/$value?state=e4182b6b-fe09-4bb4-874a-e60f8bfa099e:0
[    4389ms] [ERROR] Failed to load resource: the server responded with a status of 404 () @ https://graph.microsoft.com/v1.0/me/photos/96x96/$value?state=dcee5337-2a32-45dc-8283-c212c13e9f0f:0
[    4658ms] [ERROR] Failed to load resource: the server responded with a status of 404 () @ https://graph.microsoft.com/v1.0/me/photos/96x96/$value?state=0dff033c-4901-44f3-be0a-f0b428e1474a:0
[    4922ms] [ERROR] Failed to load resource: the server responded with a status of 404 () @ https://graph.microsoft.com/v1.0/me/photos/96x96/$value?state=dc8b756e-2f94-4861-827b-3434a836a382:0
[    5154ms] [ERROR] Failed to load resource: the server responded with a status of 404 () @ https://graph.microsoft.com/v1.0/me/photos/96x96/$value?state=e862c3c3-141c-4404-af79-9b02cbf9febb:0
[    6059ms] [ERROR] Failed to load resource: the server responded with a status of 404 () @ https://graph.microsoft.com/v1.0/me/photos/96x96/$value?state=47375e44-582d-4344-a6ba-ba8614491844:0
[    6059ms] [ERROR] Failed to load resource: the server responded with a status of 404 () @ https://graph.microsoft.com/v1.0/me/photos/96x96/$value?state=c1b77c7b-b4f5-4d00-bbf7-b587b2bb99fd:0
[    6176ms] [ERROR] Failed to load resource: the server responded with a status of 404 () @ https://graph.microsoft.com/v1.0/me/photos/96x96/$value?state=e71340cc-790e-41ce-8c59-515259725917:0
[    6498ms] [ERROR] Failed to load resource: the server responded with a status of 404 () @ https://graph.microsoft.com/v1.0/me/photos/96x96/$value?state=b14b998d-f0e7-4448-a5d2-9f54cccc7829:0
[    6521ms] [ERROR] Failed to load resource: the server responded with a status of 404 () @ https://graph.microsoft.com/v1.0/me/photos/96x96/$value?state=05c4147b-80fa-4d58-91d8-9004e9b3a88c:0
[    4280ms] [ERROR] Failed to load resource: the server responded with a status of 404 () @ https://graph.microsoft.com/v1.0/me/photos/96x96/$value?state=1ec997bc-b944-42c9-ac0c-c7aa72ad87f0:0
[    4288ms] [ERROR] Failed to load resource: the server responded with a status of 404 () @ https://graph.microsoft.com/v1.0/me/photos/96x96/$value?state=e4182b6b-fe09-4bb4-874a-e60f8bfa099e:0
[    4389ms] [ERROR] Failed to load resource: the server responded with a status of 404 () @ https://graph.microsoft.com/v1.0/me/photos/96x96/$value?state=dcee5337-2a32-45dc-8283-c212c13e9f0f:0
[    4658ms] [ERROR] Failed to load resource: the server responded with a status of 404 () @ https://graph.microsoft.com/v1.0/me/photos/96x96/$value?state=0dff033c-4901-44f3-be0a-f0b428e1474a:0
[    4922ms] [ERROR] Failed to load resource: the server responded with a status of 404 () @ https://graph.microsoft.com/v1.0/me/photos/96x96/$value?state=dc8b756e-2f94-4861-827b-3434a836a382:0
[    5154ms] [ERROR] Failed to load resource: the server responded with a status of 404 () @ https://graph.microsoft.com/v1.0/me/photos/96x96/$value?state=e862c3c3-141c-4404-af79-9b02cbf9febb:0
[    6059ms] [ERROR] Failed to load resource: the server responded with a status of 404 () @ https://graph.microsoft.com/v1.0/me/photos/96x96/$value?state=47375e44-582d-4344-a6ba-ba8614491844:0
[    6059ms] [ERROR] Failed to load resource: the server responded with a status of 404 () @ https://graph.microsoft.com/v1.0/me/photos/96x96/$value?state=c1b77c7b-b4f5-4d00-bbf7-b587b2bb99fd:0
[    6176ms] [ERROR] Failed to load resource: the server responded with a status of 404 () @ https://graph.microsoft.com/v1.0/me/photos/96x96/$value?state=e71340cc-790e-41ce-8c59-515259725917:0
[    6498ms] [ERROR] Failed to load resource: the server responded with a status of 404 () @ https://graph.microsoft.com/v1.0/me/photos/96x96/$value?state=b14b998d-f0e7-4448-a5d2-9f54cccc7829:0
[    6521ms] [ERROR] Failed to load resource: the server responded with a status of 404 () @ https://graph.microsoft.com/v1.0/me/photos/96x96/$value?state=05c4147b-80fa-4d58-91d8-9004e9b3a88c:0
[    4280ms] [ERROR] Failed to load resource: the server responded with a status of 404 () @ https://graph.microsoft.com/v1.0/me/photos/96x96/$value?state=1ec997bc-b944-42c9-ac0c-c7aa72ad87f0:0
[    4288ms] [ERROR] Failed to load resource: the server responded with a status of 404 () @ https://graph.microsoft.com/v1.0/me/photos/96x96/$value?state=e4182b6b-fe09-4bb4-874a-e60f8bfa099e:0
[    4389ms] [ERROR] Failed to load resource: the server responded with a status of 404 () @ https://graph.microsoft.com/v1.0/me/photos/96x96/$value?state=dcee5337-2a32-45dc-8283-c212c13e9f0f:0
[    4658ms] [ERROR] Failed to load resource: the server responded with a status of 404 () @ https://graph.microsoft.com/v1.0/me/photos/96x96/$value?state=0dff033c-4901-44f3-be0a-f0b428e1474a:0
[    4922ms] [ERROR] Failed to load resource: the server responded with a status of 404 () @ https://graph.microsoft.com/v1.0/me/photos/96x96/$value?state=dc8b756e-2f94-4861-827b-3434a836a382:0
[    5154ms] [ERROR] Failed to load resource: the server responded with a status of 404 () @ https://graph.microsoft.com/v1.0/me/photos/96x96/$value?state=e862c3c3-141c-4404-af79-9b02cbf9febb:0
[    6059ms] [ERROR] Failed to load resource: the server responded with a status of 404 () @ https://graph.microsoft.com/v1.0/me/photos/96x96/$value?state=47375e44-582d-4344-a6ba-ba8614491844:0
[    6059ms] [ERROR] Failed to load resource: the server responded with a status of 404 () @ https://graph.microsoft.com/v1.0/me/photos/96x96/$value?state=c1b77c7b-b4f5-4d00-bbf7-b587b2bb99fd:0
[    6176ms] [ERROR] Failed to load resource: the server responded with a status of 404 () @ https://graph.microsoft.com/v1.0/me/photos/96x96/$value?state=e71340cc-790e-41ce-8c59-515259725917:0
[    6498ms] [ERROR] Failed to load resource: the server responded with a status of 404 () @ https://graph.microsoft.com/v1.0/me/photos/96x96/$value?state=b14b998d-f0e7-4448-a5d2-9f54cccc7829:0
[    6521ms] [ERROR] Failed to load resource: the server responded with a status of 404 () @ https://graph.microsoft.com/v1.0/me/photos/96x96/$value?state=05c4147b-80fa-4d58-91d8-9004e9b3a88c:0
[    6735ms] [ERROR] Failed to load resource: the server responded with a status of 404 () @ https://graph.microsoft.com/v1.0/me/photos/96x96/$value?state=50e279e0-961e-4b27-acd4-fb4920211b23:0
[    4280ms] [ERROR] Failed to load resource: the server responded with a status of 404 () @ https://graph.microsoft.com/v1.0/me/photos/96x96/$value?state=1ec997bc-b944-42c9-ac0c-c7aa72ad87f0:0
[    4288ms] [ERROR] Failed to load resource: the server responded with a status of 404 () @ https://graph.microsoft.com/v1.0/me/photos/96x96/$value?state=e4182b6b-fe09-4bb4-874a-e60f8bfa099e:0
[    4389ms] [ERROR] Failed to load resource: the server responded with a status of 404 () @ https://graph.microsoft.com/v1.0/me/photos/96x96/$value?state=dcee5337-2a32-45dc-8283-c212c13e9f0f:0
[    4658ms] [ERROR] Failed to load resource: the server responded with a status of 404 () @ https://graph.microsoft.com/v1.0/me/photos/96x96/$value?state=0dff033c-4901-44f3-be0a-f0b428e1474a:0
[    4922ms] [ERROR] Failed to load resource: the server responded with a status of 404 () @ https://graph.microsoft.com/v1.0/me/photos/96x96/$value?state=dc8b756e-2f94-4861-827b-3434a836a382:0
[    5154ms] [ERROR] Failed to load resource: the server responded with a status of 404 () @ https://graph.microsoft.com/v1.0/me/photos/96x96/$value?state=e862c3c3-141c-4404-af79-9b02cbf9febb:0
[    6059ms] [ERROR] Failed to load resource: the server responded with a status of 404 () @ https://graph.microsoft.com/v1.0/me/photos/96x96/$value?state=47375e44-582d-4344-a6ba-ba8614491844:0
[    6059ms] [ERROR] Failed to load resource: the server responded with a status of 404 () @ https://graph.microsoft.com/v1.0/me/photos/96x96/$value?state=c1b77c7b-b4f5-4d00-bbf7-b587b2bb99fd:0
[    6176ms] [ERROR] Failed to load resource: the server responded with a status of 404 () @ https://graph.microsoft.com/v1.0/me/photos/96x96/$value?state=e71340cc-790e-41ce-8c59-515259725917:0
[    6498ms] [ERROR] Failed to load resource: the server responded with a status of 404 () @ https://graph.microsoft.com/v1.0/me/photos/96x96/$value?state=b14b998d-f0e7-4448-a5d2-9f54cccc7829:0
[    6521ms] [ERROR] Failed to load resource: the server responded with a status of 404 () @ https://graph.microsoft.com/v1.0/me/photos/96x96/$value?state=05c4147b-80fa-4d58-91d8-9004e9b3a88c:0
[    6735ms] [ERROR] Failed to load resource: the server responded with a status of 404 () @ https://graph.microsoft.com/v1.0/me/photos/96x96/$value?state=50e279e0-961e-4b27-acd4-fb4920211b23:0
[    6876ms] [ERROR] Failed to load resource: the server responded with a status of 404 () @ https://graph.microsoft.com/v1.0/me/photos/96x96/$value?state=7091da74-2ba7-4221-9243-2284f0c2cf01:0
[    6876ms] [ERROR] Failed to load resource: the server responded with a status of 404 () @ https://graph.microsoft.com/v1.0/me/photos/96x96/$value?state=359b342c-f3dd-4779-a7f3-b3790c008875:0
[    6907ms] [ERROR] Failed to load resource: the server responded with a status of 404 () @ https://graph.microsoft.com/v1.0/me/photos/96x96/$value?state=b6d83b92-8552-4e31-b9eb-e1a9f4445912:0
[    4280ms] [ERROR] Failed to load resource: the server responded with a status of 404 () @ https://graph.microsoft.com/v1.0/me/photos/96x96/$value?state=1ec997bc-b944-42c9-ac0c-c7aa72ad87f0:0
[    4288ms] [ERROR] Failed to load resource: the server responded with a status of 404 () @ https://graph.microsoft.com/v1.0/me/photos/96x96/$value?state=e4182b6b-fe09-4bb4-874a-e60f8bfa099e:0
[    4389ms] [ERROR] Failed to load resource: the server responded with a status of 404 () @ https://graph.microsoft.com/v1.0/me/photos/96x96/$value?state=dcee5337-2a32-45dc-8283-c212c13e9f0f:0
[    4658ms] [ERROR] Failed to load resource: the server responded with a status of 404 () @ https://graph.microsoft.com/v1.0/me/photos/96x96/$value?state=0dff033c-4901-44f3-be0a-f0b428e1474a:0
[    4922ms] [ERROR] Failed to load resource: the server responded with a status of 404 () @ https://graph.microsoft.com/v1.0/me/photos/96x96/$value?state=dc8b756e-2f94-4861-827b-3434a836a382:0
[    5154ms] [ERROR] Failed to load resource: the server responded with a status of 404 () @ https://graph.microsoft.com/v1.0/me/photos/96x96/$value?state=e862c3c3-141c-4404-af79-9b02cbf9febb:0
[    6059ms] [ERROR] Failed to load resource: the server responded with a status of 404 () @ https://graph.microsoft.com/v1.0/me/photos/96x96/$value?state=47375e44-582d-4344-a6ba-ba8614491844:0
[    6059ms] [ERROR] Failed to load resource: the server responded with a status of 404 () @ https://graph.microsoft.com/v1.0/me/photos/96x96/$value?state=c1b77c7b-b4f5-4d00-bbf7-b587b2bb99fd:0
[    6176ms] [ERROR] Failed to load resource: the server responded with a status of 404 () @ https://graph.microsoft.com/v1.0/me/photos/96x96/$value?state=e71340cc-790e-41ce-8c59-515259725917:0
[    6498ms] [ERROR] Failed to load resource: the server responded with a status of 404 () @ https://graph.microsoft.com/v1.0/me/photos/96x96/$value?state=b14b998d-f0e7-4448-a5d2-9f54cccc7829:0
[    6521ms] [ERROR] Failed to load resource: the server responded with a status of 404 () @ https://graph.microsoft.com/v1.0/me/photos/96x96/$value?state=05c4147b-80fa-4d58-91d8-9004e9b3a88c:0
[    6735ms] [ERROR] Failed to load resource: the server responded with a status of 404 () @ https://graph.microsoft.com/v1.0/me/photos/96x96/$value?state=50e279e0-961e-4b27-acd4-fb4920211b23:0
[    6876ms] [ERROR] Failed to load resource: the server responded with a status of 404 () @ https://graph.microsoft.com/v1.0/me/photos/96x96/$value?state=7091da74-2ba7-4221-9243-2284f0c2cf01:0
[    6876ms] [ERROR] Failed to load resource: the server responded with a status of 404 () @ https://graph.microsoft.com/v1.0/me/photos/96x96/$value?state=359b342c-f3dd-4779-a7f3-b3790c008875:0
[    6907ms] [ERROR] Failed to load resource: the server responded with a status of 404 () @ https://graph.microsoft.com/v1.0/me/photos/96x96/$value?state=b6d83b92-8552-4e31-b9eb-e1a9f4445912:0
[    6945ms] [ERROR] Failed to load resource: the server responded with a status of 404 () @ https://graph.microsoft.com/v1.0/me/photos/96x96/$value?state=39572760-ca45-4918-ab01-0585557e8dde:0
[    4280ms] [ERROR] Failed to load resource: the server responded with a status of 404 () @ https://graph.microsoft.com/v1.0/me/photos/96x96/$value?state=1ec997bc-b944-42c9-ac0c-c7aa72ad87f0:0
[    4288ms] [ERROR] Failed to load resource: the server responded with a status of 404 () @ https://graph.microsoft.com/v1.0/me/photos/96x96/$value?state=e4182b6b-fe09-4bb4-874a-e60f8bfa099e:0
[    4389ms] [ERROR] Failed to load resource: the server responded with a status of 404 () @ https://graph.microsoft.com/v1.0/me/photos/96x96/$value?state=dcee5337-2a32-45dc-8283-c212c13e9f0f:0
[    4658ms] [ERROR] Failed to load resource: the server responded with a status of 404 () @ https://graph.microsoft.com/v1.0/me/photos/96x96/$value?state=0dff033c-4901-44f3-be0a-f0b428e1474a:0
[    4922ms] [ERROR] Failed to load resource: the server responded with a status of 404 () @ https://graph.microsoft.com/v1.0/me/photos/96x96/$value?state=dc8b756e-2f94-4861-827b-3434a836a382:0
[    5154ms] [ERROR] Failed to load resource: the server responded with a status of 404 () @ https://graph.microsoft.com/v1.0/me/photos/96x96/$value?state=e862c3c3-141c-4404-af79-9b02cbf9febb:0
[    6059ms] [ERROR] Failed to load resource: the server responded with a status of 404 () @ https://graph.microsoft.com/v1.0/me/photos/96x96/$value?state=47375e44-582d-4344-a6ba-ba8614491844:0
[    6059ms] [ERROR] Failed to load resource: the server responded with a status of 404 () @ https://graph.microsoft.com/v1.0/me/photos/96x96/$value?state=c1b77c7b-b4f5-4d00-bbf7-b587b2bb99fd:0
[    6176ms] [ERROR] Failed to load resource: the server responded with a status of 404 () @ https://graph.microsoft.com/v1.0/me/photos/96x96/$value?state=e71340cc-790e-41ce-8c59-515259725917:0
[    6498ms] [ERROR] Failed to load resource: the server responded with a status of 404 () @ https://graph.microsoft.com/v1.0/me/photos/96x96/$value?state=b14b998d-f0e7-4448-a5d2-9f54cccc7829:0
[    6521ms] [ERROR] Failed to load resource: the server responded with a status of 404 () @ https://graph.microsoft.com/v1.0/me/photos/96x96/$value?state=05c4147b-80fa-4d58-91d8-9004e9b3a88c:0
[    6735ms] [ERROR] Failed to load resource: the server responded with a status of 404 () @ https://graph.microsoft.com/v1.0/me/photos/96x96/$value?state=50e279e0-961e-4b27-acd4-fb4920211b23:0
[    6876ms] [ERROR] Failed to load resource: the server responded with a status of 404 () @ https://graph.microsoft.com/v1.0/me/photos/96x96/$value?state=7091da74-2ba7-4221-9243-2284f0c2cf01:0
[    6876ms] [ERROR] Failed to load resource: the server responded with a status of 404 () @ https://graph.microsoft.com/v1.0/me/photos/96x96/$value?state=359b342c-f3dd-4779-a7f3-b3790c008875:0
[    6907ms] [ERROR] Failed to load resource: the server responded with a status of 404 () @ https://graph.microsoft.com/v1.0/me/photos/96x96/$value?state=b6d83b92-8552-4e31-b9eb-e1a9f4445912:0
[    6945ms] [ERROR] Failed to load resource: the server responded with a status of 404 () @ https://graph.microsoft.com/v1.0/me/photos/96x96/$value?state=39572760-ca45-4918-ab01-0585557e8dde:0
[    4280ms] [ERROR] Failed to load resource: the server responded with a status of 404 () @ https://graph.microsoft.com/v1.0/me/photos/96x96/$value?state=1ec997bc-b944-42c9-ac0c-c7aa72ad87f0:0
[    4288ms] [ERROR] Failed to load resource: the server responded with a status of 404 () @ https://graph.microsoft.com/v1.0/me/photos/96x96/$value?state=e4182b6b-fe09-4bb4-874a-e60f8bfa099e:0
[    4389ms] [ERROR] Failed to load resource: the server responded with a status of 404 () @ https://graph.microsoft.com/v1.0/me/photos/96x96/$value?state=dcee5337-2a32-45dc-8283-c212c13e9f0f:0
[    4658ms] [ERROR] Failed to load resource: the server responded with a status of 404 () @ https://graph.microsoft.com/v1.0/me/photos/96x96/$value?state=0dff033c-4901-44f3-be0a-f0b428e1474a:0
[    4922ms] [ERROR] Failed to load resource: the server responded with a status of 404 () @ https://graph.microsoft.com/v1.0/me/photos/96x96/$value?state=dc8b756e-2f94-4861-827b-3434a836a382:0
[    5154ms] [ERROR] Failed to load resource: the server responded with a status of 404 () @ https://graph.microsoft.com/v1.0/me/photos/96x96/$value?state=e862c3c3-141c-4404-af79-9b02cbf9febb:0
[    6059ms] [ERROR] Failed to load resource: the server responded with a status of 404 () @ https://graph.microsoft.com/v1.0/me/photos/96x96/$value?state=47375e44-582d-4344-a6ba-ba8614491844:0
[    6059ms] [ERROR] Failed to load resource: the server responded with a status of 404 () @ https://graph.microsoft.com/v1.0/me/photos/96x96/$value?state=c1b77c7b-b4f5-4d00-bbf7-b587b2bb99fd:0
[    6176ms] [ERROR] Failed to load resource: the server responded with a status of 404 () @ https://graph.microsoft.com/v1.0/me/photos/96x96/$value?state=e71340cc-790e-41ce-8c59-515259725917:0
[    6498ms] [ERROR] Failed to load resource: the server responded with a status of 404 () @ https://graph.microsoft.com/v1.0/me/photos/96x96/$value?state=b14b998d-f0e7-4448-a5d2-9f54cccc7829:0
[    6521ms] [ERROR] Failed to load resource: the server responded with a status of 404 () @ https://graph.microsoft.com/v1.0/me/photos/96x96/$value?state=05c4147b-80fa-4d58-91d8-9004e9b3a88c:0
[    6735ms] [ERROR] Failed to load resource: the server responded with a status of 404 () @ https://graph.microsoft.com/v1.0/me/photos/96x96/$value?state=50e279e0-961e-4b27-acd4-fb4920211b23:0
[    6876ms] [ERROR] Failed to load resource: the server responded with a status of 404 () @ https://graph.microsoft.com/v1.0/me/photos/96x96/$value?state=7091da74-2ba7-4221-9243-2284f0c2cf01:0
[    6876ms] [ERROR] Failed to load resource: the server responded with a status of 404 () @ https://graph.microsoft.com/v1.0/me/photos/96x96/$value?state=359b342c-f3dd-4779-a7f3-b3790c008875:0
[    6907ms] [ERROR] Failed to load resource: the server responded with a status of 404 () @ https://graph.microsoft.com/v1.0/me/photos/96x96/$value?state=b6d83b92-8552-4e31-b9eb-e1a9f4445912:0
[    6945ms] [ERROR] Failed to load resource: the server responded with a status of 404 () @ https://graph.microsoft.com/v1.0/me/photos/96x96/$value?state=39572760-ca45-4918-ab01-0585557e8dde:0
[    7113ms] [ERROR] Failed to load resource: the server responded with a status of 404 () @ https://graph.microsoft.com/v1.0/me/photos/96x96/$value?state=602cc959-8e39-448b-b50d-c72a8f2e8b1e:0
[    7123ms] [ERROR] Failed to load resource: the server responded with a status of 404 () @ https://graph.microsoft.com/v1.0/me/photos/96x96/$value?state=004840e7-1cbf-4497-92bf-8451aa35ca80:0
[    7371ms] [ERROR] Failed to load resource: the server responded with a status of 404 () @ https://graph.microsoft.com/v1.0/me/photos/96x96/$value?state=aec9d794-94af-43c7-ac01-c5e01e1d6596:0
[    7420ms] [ERROR] Failed to load resource: the server responded with a status of 404 () @ https://graph.microsoft.com/v1.0/me/photos/96x96/$value?state=8d0b5029-45e0-4956-9672-97e9a9f566f0:0
[    4280ms] [ERROR] Failed to load resource: the server responded with a status of 404 () @ https://graph.microsoft.com/v1.0/me/photos/96x96/$value?state=1ec997bc-b944-42c9-ac0c-c7aa72ad87f0:0
[    4288ms] [ERROR] Failed to load resource: the server responded with a status of 404 () @ https://graph.microsoft.com/v1.0/me/photos/96x96/$value?state=e4182b6b-fe09-4bb4-874a-e60f8bfa099e:0
[    4389ms] [ERROR] Failed to load resource: the server responded with a status of 404 () @ https://graph.microsoft.com/v1.0/me/photos/96x96/$value?state=dcee5337-2a32-45dc-8283-c212c13e9f0f:0
[    4658ms] [ERROR] Failed to load resource: the server responded with a status of 404 () @ https://graph.microsoft.com/v1.0/me/photos/96x96/$value?state=0dff033c-4901-44f3-be0a-f0b428e1474a:0
[    4922ms] [ERROR] Failed to load resource: the server responded with a status of 404 () @ https://graph.microsoft.com/v1.0/me/photos/96x96/$value?state=dc8b756e-2f94-4861-827b-3434a836a382:0
[    5154ms] [ERROR] Failed to load resource: the server responded with a status of 404 () @ https://graph.microsoft.com/v1.0/me/photos/96x96/$value?state=e862c3c3-141c-4404-af79-9b02cbf9febb:0
[    6059ms] [ERROR] Failed to load resource: the server responded with a status of 404 () @ https://graph.microsoft.com/v1.0/me/photos/96x96/$value?state=47375e44-582d-4344-a6ba-ba8614491844:0
[    6059ms] [ERROR] Failed to load resource: the server responded with a status of 404 () @ https://graph.microsoft.com/v1.0/me/photos/96x96/$value?state=c1b77c7b-b4f5-4d00-bbf7-b587b2bb99fd:0
[    6176ms] [ERROR] Failed to load resource: the server responded with a status of 404 () @ https://graph.microsoft.com/v1.0/me/photos/96x96/$value?state=e71340cc-790e-41ce-8c59-515259725917:0
[    6498ms] [ERROR] Failed to load resource: the server responded with a status of 404 () @ https://graph.microsoft.com/v1.0/me/photos/96x96/$value?state=b14b998d-f0e7-4448-a5d2-9f54cccc7829:0
[    6521ms] [ERROR] Failed to load resource: the server responded with a status of 404 () @ https://graph.microsoft.com/v1.0/me/photos/96x96/$value?state=05c4147b-80fa-4d58-91d8-9004e9b3a88c:0
[    6735ms] [ERROR] Failed to load resource: the server responded with a status of 404 () @ https://graph.microsoft.com/v1.0/me/photos/96x96/$value?state=50e279e0-961e-4b27-acd4-fb4920211b23:0
[    6876ms] [ERROR] Failed to load resource: the server responded with a status of 404 () @ https://graph.microsoft.com/v1.0/me/photos/96x96/$value?state=7091da74-2ba7-4221-9243-2284f0c2cf01:0
[    6876ms] [ERROR] Failed to load resource: the server responded with a status of 404 () @ https://graph.microsoft.com/v1.0/me/photos/96x96/$value?state=359b342c-f3dd-4779-a7f3-b3790c008875:0
[    6907ms] [ERROR] Failed to load resource: the server responded with a status of 404 () @ https://graph.microsoft.com/v1.0/me/photos/96x96/$value?state=b6d83b92-8552-4e31-b9eb-e1a9f4445912:0
[    6945ms] [ERROR] Failed to load resource: the server responded with a status of 404 () @ https://graph.microsoft.com/v1.0/me/photos/96x96/$value?state=39572760-ca45-4918-ab01-0585557e8dde:0
[    7113ms] [ERROR] Failed to load resource: the server responded with a status of 404 () @ https://graph.microsoft.com/v1.0/me/photos/96x96/$value?state=602cc959-8e39-448b-b50d-c72a8f2e8b1e:0
[    7123ms] [ERROR] Failed to load resource: the server responded with a status of 404 () @ https://graph.microsoft.com/v1.0/me/photos/96x96/$value?state=004840e7-1cbf-4497-92bf-8451aa35ca80:0
[    7371ms] [ERROR] Failed to load resource: the server responded with a status of 404 () @ https://graph.microsoft.com/v1.0/me/photos/96x96/$value?state=aec9d794-94af-43c7-ac01-c5e01e1d6596:0
[    7420ms] [ERROR] Failed to load resource: the server responded with a status of 404 () @ https://graph.microsoft.com/v1.0/me/photos/96x96/$value?state=8d0b5029-45e0-4956-9672-97e9a9f566f0:0
[    8308ms] [ERROR] Failed to load resource: the server responded with a status of 404 () @ https://graph.microsoft.com/v1.0/me/photos/96x96/$value?state=d05c191c-de76-46b9-b432-4652bf122170:0
